guy3_dog025_flipped.jpg,106.0,167.0,0.44501013,108.0,169.0,0.5904477,102.0,169.0,0.66342795,116.0,159.0,0.610325,98.0,158.0,0.55028296,141.0,143.0,0.75330734,97.0,133.0,0.6373848,153.0,185.0,0.82792115,96.0,168.0,0.6246061,143.0,206.0,0.23765767,91.0,201.0,0.8228946,178.0,90.0,0.9137124,153.0,82.0,0.8918702,187.0,135.0,0.7495417,170.0,131.0,0.5731271,209.0,149.0,0.51584864,191.0,147.0,0.6566832
guy3_dog026_flipped.jpg,111.0,169.0,0.2951164,112.0,170.0,0.43592626,106.0,171.0,0.436138,119.0,158.0,0.49846458,101.0,158.0,0.5349701,142.0,142.0,0.7098518,101.0,136.0,0.7641227,156.0,186.0,0.7293309,97.0,172.0,0.63768953,151.0,195.0,0.20060307,93.0,196.0,0.32184544,174.0,88.0,0.9230933,152.0,80.0,0.8996456,186.0,132.0,0.7352898,166.0,129.0,0.57363,210.0,146.0,0.844133,187.0,143.0,0.47269028
guy3_dog027.jpg,185.0,167.0,0.42841095,190.0,169.0,0.50420415,184.0,169.0,0.52625084,193.0,159.0,0.50138956,177.0,159.0,0.6464468,196.0,137.0,0.82850194,154.0,142.0,0.7642929,199.0,167.0,0.730749,142.0,185.0,0.74115163,205.0,194.0,0.46107027,204.0,195.0,0.18947545,147.0,80.0,0.7943969,124.0,85.0,0.7126273,131.0,130.0,0.42329848,110.0,132.0,0.6656885,108.0,142.0,0.48931715,92.0,146.0,0.76362306
guy3_dog027_flipped.jpg,112.0,166.0,0.41070363,114.0,168.0,0.42611945,107.0,168.0,0.36631542,122.0,158.0,0.55985224,103.0,156.0,0.69397515,145.0,144.0,0.70670503,102.0,137.0,0.74644625,157.0,186.0,0.8965036,99.0,172.0,0.7430382,153.0,195.0,0.18455002,93.0,195.0,0.3530782,174.0,84.0,0.9374665,153.0,77.0,0.89502084,187.0,128.0,0.78104347,171.0,124.0,0.75178933,207.0,146.0,0.8438238,189.0,144.0,0.64527327
guy3_dog028.jpg,182.0,166.0,0.33535367,187.0,168.0,0.28561932,180.0,168.0,0.42153016,192.0,158.0,0.5024325,173.0,158.0,0.542721,194.0,137.0,0.7718549,152.0,140.0,0.7547431,201.0,169.0,0.63227373,141.0,185.0,0.7322998,205.0,193.0,0.57194203,203.0,196.0,0.13097867,145.0,76.0,0.8302327,123.0,81.0,0.7592033,132.0,127.0,0.5858599,109.0,129.0,0.60391974,109.0,143.0,0.5506567,93.0,146.0,0.69229007
guy3_dog028_flipped.jpg,119.0,164.0,0.42027193,120.0,166.0,0.44095773,113.0,167.0,0.498104,127.0,157.0,0.4879339,108.0,157.0,0.63923204,148.0,143.0,0.8197649,106.0,136.0,0.67153114,160.0,185.0,0.8605412,101.0,170.0,0.76777726,154.0,200.0,0.14560452,95.0,199.0,0.5738482,175.0,79.0,0.9254408,154.0,71.0,0.71996874,189.0,124.0,0.70057696,169.0,123.0,0.6228999,207.0,146.0,0.6822535,188.0,145.0,0.6066615
guy3_dog029.jpg,181.0,166.0,0.2823643,186.0,167.0,0.4201399,179.0,168.0,0.38443604,190.0,159.0,0.46417058,169.0,159.0,0.46863103,190.0,139.0,0.71214396,147.0,143.0,0.4684321,198.0,170.0,0.54003453,140.0,185.0,0.78240687,202.0,194.0,0.45759732,102.0,144.0,0.14287627,143.0,76.0,0.7672887,122.0,81.0,0.65217704,124.0,125.0,0.51001614,108.0,126.0,0.5738104,109.0,144.0,0.5309497,92.0,148.0,0.7246393
guy3_dog029_flipped.jpg,120.0,166.0,0.3910538,123.0,168.0,0.4984082,115.0,168.0,0.4510937,132.0,157.0,0.552294,110.0,157.0,0.5330714,152.0,144.0,0.61654294,110.0,135.0,0.63299316,161.0,185.0,0.88743937,104.0,168.0,0.78711843,150.0,203.0,0.15928474,95.0,201.0,0.8367445,175.0,76.0,0.8740362,155.0,69.0,0.91859186,190.0,120.0,0.8236923,170.0,118.0,0.582284,207.0,149.0,0.78458047,183.0,144.0,0.6214743
guy3_dog030.jpg,177.0,166.0,0.26477486,182.0,168.0,0.384019,175.0,169.0,0.3874801,185.0,158.0,0.42515734,166.0,159.0,0.5028146,187.0,139.0,0.7980875,146.0,141.0,0.5796127,197.0,173.0,0.725293,136.0,185.0,0.8923147,200.0,193.0,0.32590264,103.0,142.0,0.15819353,142.0,74.0,0.6394894,121.0,78.0,0.6867535,125.0,120.0,0.6667906,106.0,121.0,0.7025397,110.0,141.0,0.48484677,94.0,145.0,0.7937902
guy3_dog030_flipped.jpg,124.0,162.0,0.4144546,127.0,166.0,0.51488894,118.0,165.0,0.5928692,135.0,158.0,0.615525,112.0,157.0,0.59252524,154.0,143.0,0.84897417,110.0,135.0,0.720376,162.0,185.0,0.9070973,102.0,171.0,0.75017303,151.0,204.0,0.103493154,95.0,200.0,0.9173005,176.0,75.0,0.8886149,156.0,69.0,0.9132626,192.0,116.0,0.88530684,172.0,117.0,0.63876706,206.0,147.0,0.7393969,186.0,144.0,0.57646704
guy3_dog031.jpg,173.0,167.0,0.34267056,178.0,169.0,0.37341806,171.0,170.0,0.42196465,182.0,159.0,0.563691,163.0,160.0,0.66034603,185.0,140.0,0.8024088,143.0,141.0,0.585503,195.0,171.0,0.8035661,134.0,186.0,0.8796299,201.0,197.0,0.5494263,139.0,198.0,0.10918862,140.0,72.0,0.75746816,119.0,74.0,0.75221026,128.0,119.0,0.64165473,105.0,120.0,0.7246314,111.0,143.0,0.4664826,94.0,148.0,0.82589245
guy3_dog031_flipped.jpg,126.0,163.0,0.4458909,129.0,166.0,0.40985918,120.0,166.0,0.58236593,138.0,157.0,0.5875241,115.0,157.0,0.6206617,158.0,145.0,0.5941731,113.0,136.0,0.6941404,164.0,185.0,0.8692099,104.0,168.0,0.69195306,153.0,207.0,0.36214125,96.0,200.0,0.86939144,179.0,72.0,0.8113013,158.0,67.0,0.90265805,193.0,116.0,0.74291164,174.0,116.0,0.63562876,206.0,149.0,0.66548073,185.0,145.0,0.5102747
guy3_dog032.jpg,169.0,167.0,0.3822176,173.0,168.0,0.45606542,167.0,169.0,0.4922133,177.0,159.0,0.57038033,158.0,160.0,0.5400794,183.0,139.0,0.7506255,139.0,142.0,0.6598006,193.0,173.0,0.86932814,132.0,185.0,0.8357537,199.0,193.0,0.5424784,136.0,194.0,0.17348772,137.0,68.0,0.760579,117.0,70.0,0.65375394,134.0,119.0,0.59077656,105.0,120.0,0.7044107,112.0,142.0,0.43226367,94.0,148.0,0.7868824
guy3_dog032_flipped.jpg,128.0,163.0,0.47230023,131.0,167.0,0.42235953,123.0,166.0,0.54466254,141.0,158.0,0.6595682,120.0,157.0,0.7321085,159.0,145.0,0.624145,118.0,136.0,0.68677044,166.0,183.0,0.7984611,105.0,173.0,0.82782125,151.0,215.0,0.7086086,96.0,202.0,0.8176304,183.0,67.0,0.81428957,159.0,63.0,0.85473496,193.0,114.0,0.7303952,173.0,116.0,0.6694054,202.0,145.0,0.65745133,183.0,142.0,0.68817383
guy3_dog033.jpg,164.0,167.0,0.32100946,170.0,169.0,0.45134825,163.0,169.0,0.44661203,173.0,159.0,0.61019963,154.0,160.0,0.6296257,178.0,137.0,0.82929206,137.0,140.0,0.5209079,191.0,172.0,0.83156204,130.0,181.0,0.8075229,197.0,189.0,0.42673433,135.0,191.0,0.13543954,135.0,68.0,0.90905464,116.0,70.0,0.71970034,130.0,116.0,0.6447632,105.0,117.0,0.7404673,111.0,141.0,0.44743553,95.0,147.0,0.65585977
guy3_dog033_flipped.jpg,135.0,160.0,0.35648316,137.0,164.0,0.47838065,129.0,164.0,0.5788716,144.0,156.0,0.61660177,123.0,157.0,0.43786377,160.0,144.0,0.754979,119.0,138.0,0.6504706,167.0,184.0,0.6841134,106.0,172.0,0.850239,158.0,207.0,0.73165375,99.0,201.0,0.86981547,181.0,68.0,0.90247524,159.0,66.0,0.85919833,194.0,113.0,0.6385047,174.0,114.0,0.52948457,205.0,147.0,0.70322406,186.0,143.0,0.7116021
guy3_dog034.jpg,161.0,169.0,0.36914593,166.0,170.0,0.5056995,160.0,170.0,0.46371317,172.0,160.0,0.65938294,152.0,160.0,0.668941,177.0,138.0,0.85104835,134.0,141.0,0.53843665,189.0,173.0,0.86169493,130.0,182.0,0.8145554,195.0,193.0,0.6013012,134.0,193.0,0.22181267,135.0,68.0,0.88137186,116.0,71.0,0.7053828,129.0,116.0,0.6033971,104.0,117.0,0.84697527,111.0,144.0,0.41900805,95.0,148.0,0.6368796
guy3_dog034_flipped.jpg,135.0,161.0,0.4329567,138.0,166.0,0.4658397,130.0,165.0,0.6158099,149.0,159.0,0.69146925,127.0,158.0,0.5783395,166.0,147.0,0.73997664,124.0,136.0,0.65752095,168.0,184.0,0.7723145,109.0,172.0,0.8715188,155.0,212.0,0.8265425,100.0,202.0,0.82087505,186.0,66.0,0.89593923,164.0,63.0,0.79270333,196.0,110.0,0.69094574,175.0,113.0,0.5136686,202.0,145.0,0.5710367,177.0,147.0,0.29161936
guy3_dog035.jpg,159.0,167.0,0.40456986,164.0,168.0,0.49581727,156.0,169.0,0.4525186,169.0,159.0,0.48868075,149.0,161.0,0.580785,175.0,138.0,0.8429564,130.0,141.0,0.5066084,187.0,173.0,0.6712631,129.0,181.0,0.7038584,193.0,192.0,0.5199944,132.0,192.0,0.21381852,134.0,67.0,0.87228024,114.0,70.0,0.8198504,132.0,114.0,0.612757,104.0,115.0,0.82498085,112.0,142.0,0.41818085,97.0,146.0,0.7570946
guy3_dog035_flipped.jpg,138.0,161.0,0.36072487,142.0,167.0,0.4889645,133.0,165.0,0.54616845,151.0,159.0,0.6762087,130.0,158.0,0.5113782,167.0,144.0,0.55881405,125.0,135.0,0.6913024,168.0,181.0,0.8739879,112.0,171.0,0.79280436,157.0,212.0,0.7844236,103.0,200.0,0.65459657,186.0,64.0,0.8898189,163.0,62.0,0.8298484,195.0,110.0,0.6976811,169.0,111.0,0.536853,201.0,145.0,0.5048709,176.0,144.0,0.33299053
guy3_dog036_flipped.jpg,143.0,160.0,0.34175134,146.0,165.0,0.64903736,138.0,164.0,0.5816726,156.0,157.0,0.65068287,134.0,157.0,0.67339826,171.0,144.0,0.72390306,129.0,133.0,0.68226653,170.0,180.0,0.88834345,112.0,170.0,0.8235877,159.0,211.0,0.69916934,104.0,200.0,0.63066494,187.0,63.0,0.8841021,164.0,60.0,0.84422445,196.0,111.0,0.6654026,171.0,110.0,0.49459442,201.0,143.0,0.65197814,177.0,144.0,0.30250886
guy3_dog037.jpg,151.0,162.0,0.45182654,156.0,164.0,0.49232405,149.0,165.0,0.56130296,160.0,155.0,0.59634876,140.0,157.0,0.54830945,169.0,134.0,0.86888015,124.0,140.0,0.7520192,182.0,168.0,0.8062266,126.0,180.0,0.8327671,191.0,198.0,0.5378673,132.0,199.0,0.22573188,134.0,68.0,0.7811592,113.0,70.0,0.73076385,132.0,111.0,0.57012886,103.0,115.0,0.8380429,126.0,138.0,0.107555985,97.0,147.0,0.7502223
guy3_dog037_flipped.jpg,144.0,160.0,0.3220638,146.0,164.0,0.6106131,139.0,163.0,0.5821532,157.0,156.0,0.5559792,135.0,156.0,0.5413755,171.0,145.0,0.67098814,130.0,133.0,0.65477514,173.0,180.0,0.6782443,114.0,169.0,0.8446103,161.0,210.0,0.70297927,107.0,200.0,0.8049845,187.0,63.0,0.74293697,165.0,62.0,0.79987645,197.0,110.0,0.55751294,173.0,107.0,0.59600514,201.0,142.0,0.634521,178.0,142.0,0.31295854
guy3_dog038.jpg,148.0,160.0,0.44084394,153.0,162.0,0.6223301,146.0,163.0,0.44041827,157.0,153.0,0.68032867,138.0,156.0,0.6054784,168.0,136.0,0.7907138,123.0,142.0,0.5930727,180.0,166.0,0.8162712,125.0,179.0,0.80844545,190.0,197.0,0.72485155,132.0,202.0,0.48802897,134.0,66.0,0.7822769,112.0,68.0,0.7432402,132.0,110.0,0.54542106,103.0,113.0,0.8130883,125.0,136.0,0.14508298,98.0,143.0,0.76334363
guy3_dog038_flipped.jpg,146.0,161.0,0.49345633,149.0,166.0,0.6117866,141.0,164.0,0.5810404,159.0,157.0,0.6241408,137.0,156.0,0.62484795,174.0,146.0,0.50852704,130.0,135.0,0.6703305,174.0,178.0,0.8796502,117.0,167.0,0.7519101,164.0,207.0,0.7730039,110.0,199.0,0.85808927,187.0,64.0,0.86670876,165.0,62.0,0.74421495,196.0,108.0,0.63706803,171.0,108.0,0.65250593,199.0,143.0,0.5053855,179.0,139.0,0.32002768
guy3_dog039.jpg,147.0,161.0,0.48594114,152.0,163.0,0.52670616,145.0,165.0,0.4889237,156.0,153.0,0.5870904,137.0,156.0,0.69088584,165.0,135.0,0.8459312,120.0,139.0,0.42854702,178.0,170.0,0.8115703,123.0,175.0,0.76485234,188.0,198.0,0.5968148,130.0,201.0,0.39031306,133.0,68.0,0.6689764,112.0,69.0,0.8399979,136.0,110.0,0.39063832,103.0,112.0,0.8474333,129.0,137.0,0.13123953,98.0,142.0,0.76125085
guy3_dog039_flipped.jpg,148.0,159.0,0.4156856,151.0,163.0,0.5587918,142.0,162.0,0.47407418,161.0,155.0,0.64411557,139.0,154.0,0.42666513,176.0,142.0,0.5868897,132.0,132.0,0.51160073,176.0,176.0,0.8889952,119.0,166.0,0.6730708,165.0,207.0,0.7028531,111.0,198.0,0.88494897,187.0,64.0,0.8664522,166.0,63.0,0.8182031,196.0,109.0,0.54834276,174.0,109.0,0.51727706,199.0,142.0,0.5783987,192.0,140.0,0.52449805
guy3_dog040.jpg,147.0,160.0,0.4370056,152.0,161.0,0.57484615,145.0,163.0,0.48062468,156.0,152.0,0.59048486,137.0,154.0,0.62047887,164.0,132.0,0.84040236,121.0,136.0,0.6985161,178.0,166.0,0.8946477,122.0,175.0,0.83166003,186.0,194.0,0.6978127,126.0,194.0,0.16272068,133.0,67.0,0.767582,112.0,69.0,0.8646219,138.0,106.0,0.4316035,104.0,110.0,0.6669545,131.0,132.0,0.105921835,99.0,141.0,0.80696565
guy3_dog040_flipped.jpg,151.0,156.0,0.45579883,155.0,161.0,0.5459012,146.0,159.0,0.37594318,164.0,152.0,0.6370762,141.0,152.0,0.5035521,179.0,141.0,0.66645676,135.0,133.0,0.50642407,178.0,176.0,0.8916303,121.0,164.0,0.5308635,170.0,202.0,0.63414705,113.0,196.0,0.873547,187.0,68.0,0.92557174,166.0,66.0,0.86553586,196.0,107.0,0.8277445,172.0,106.0,0.64362645,201.0,142.0,0.5143652,181.0,135.0,0.24827352
guy3_dog041.jpg,145.0,159.0,0.45162535,150.0,161.0,0.48403072,143.0,161.0,0.48647588,154.0,151.0,0.5938831,134.0,153.0,0.5360527,162.0,133.0,0.8715753,119.0,138.0,0.5674746,174.0,164.0,0.8160968,120.0,173.0,0.8599496,183.0,193.0,0.62570894,125.0,195.0,0.30764052,133.0,66.0,0.6474965,111.0,67.0,0.83274347,137.0,108.0,0.46276802,104.0,111.0,0.81226707,133.0,134.0,0.124881774,100.0,140.0,0.73918957
guy3_dog041_flipped.jpg,153.0,158.0,0.4794383,155.0,162.0,0.6474439,148.0,161.0,0.5989262,165.0,152.0,0.6418729,143.0,152.0,0.61570144,180.0,141.0,0.7373942,136.0,133.0,0.70811266,181.0,173.0,0.5489232,122.0,162.0,0.7325702,173.0,200.0,0.7585249,115.0,193.0,0.89130354,188.0,68.0,0.89526665,166.0,64.0,0.9097886,198.0,106.0,0.6552505,175.0,105.0,0.45333204,200.0,137.0,0.53934884,179.0,131.0,0.21143284
guy3_dog042_flipped.jpg,153.0,156.0,0.50014764,155.0,160.0,0.55959153,149.0,159.0,0.59853673,164.0,151.0,0.6695005,144.0,151.0,0.4610473,179.0,140.0,0.7273774,136.0,132.0,0.6265753,182.0,171.0,0.8453249,122.0,164.0,0.7443683,173.0,200.0,0.6697796,116.0,193.0,0.8220038,188.0,66.0,0.8818226,167.0,63.0,0.90769863,197.0,105.0,0.7185216,179.0,106.0,0.460466,200.0,136.0,0.43595606,184.0,135.0,0.27644032
guy3_dog043.jpg,142.0,158.0,0.33856195,148.0,160.0,0.61653566,141.0,160.0,0.53902256,152.0,151.0,0.6274151,134.0,154.0,0.67419213,162.0,131.0,0.7752187,118.0,135.0,0.62995183,173.0,161.0,0.8558959,117.0,170.0,0.6932284,180.0,189.0,0.64424443,122.0,190.0,0.13991609,132.0,66.0,0.7429732,113.0,67.0,0.812173,138.0,106.0,0.44631335,106.0,109.0,0.7596139,129.0,134.0,0.109745264,102.0,138.0,0.7024148
guy3_dog043_flipped.jpg,155.0,152.0,0.50069237,157.0,156.0,0.3900385,150.0,155.0,0.5270971,166.0,148.0,0.71105397,145.0,148.0,0.4643101,181.0,138.0,0.5509397,138.0,129.0,0.65208775,182.0,170.0,0.7809949,124.0,161.0,0.8279027,175.0,197.0,0.8373532,118.0,192.0,0.85281056,186.0,66.0,0.8167411,165.0,64.0,0.9047537,198.0,106.0,0.6245445,178.0,104.0,0.46799394,198.0,136.0,0.46067178,183.0,134.0,0.26136583
guy3_dog044.jpg,142.0,154.0,0.48930517,147.0,156.0,0.48314577,140.0,158.0,0.5128702,150.0,149.0,0.5776744,132.0,150.0,0.5962982,161.0,130.0,0.78275776,116.0,134.0,0.66592836,173.0,162.0,0.8090458,116.0,169.0,0.77731127,179.0,190.0,0.70584273,121.0,190.0,0.5307017,133.0,64.0,0.7933552,112.0,65.0,0.8399829,139.0,107.0,0.32458985,107.0,110.0,0.63783973,132.0,130.0,0.162956,102.0,133.0,0.5543158
guy3_dog044_flipped.jpg,154.0,153.0,0.4613807,157.0,157.0,0.45562613,150.0,156.0,0.45584553,168.0,148.0,0.682156,145.0,148.0,0.5320328,182.0,138.0,0.54277724,139.0,130.0,0.72934437,184.0,168.0,0.7809104,125.0,161.0,0.78746206,178.0,197.0,0.763136,119.0,190.0,0.8739866,186.0,66.0,0.8886442,165.0,64.0,0.9011468,198.0,106.0,0.62554216,174.0,104.0,0.6244838,197.0,136.0,0.42983115,176.0,132.0,0.17315534
guy3_dog045.jpg,143.0,152.0,0.4322364,147.0,154.0,0.43498743,140.0,155.0,0.37734413,151.0,147.0,0.42559743,132.0,149.0,0.5987556,161.0,129.0,0.80232316,117.0,132.0,0.5904778,172.0,160.0,0.8750818,115.0,168.0,0.7373331,178.0,187.0,0.6227917,121.0,190.0,0.3067507,134.0,64.0,0.69867396,114.0,66.0,0.7028673,142.0,105.0,0.26357377,110.0,110.0,0.4615684,135.0,130.0,0.14368516,104.0,134.0,0.39393145
guy3_dog045_flipped.jpg,156.0,150.0,0.49072522,159.0,154.0,0.5841727,152.0,154.0,0.5401606,168.0,148.0,0.5974895,147.0,148.0,0.5218255,183.0,136.0,0.5408879,140.0,129.0,0.79270005,184.0,168.0,0.77129745,127.0,159.0,0.8392112,179.0,191.0,0.7171296,121.0,189.0,0.7455037,186.0,66.0,0.80499214,164.0,64.0,0.88978416,195.0,106.0,0.68910295,173.0,104.0,0.5046507,194.0,132.0,0.39609146,167.0,132.0,0.162397
guy3_dog046.jpg,140.0,150.0,0.5219347,145.0,153.0,0.59731925,138.0,154.0,0.43779966,148.0,146.0,0.55743724,130.0,147.0,0.58623946,159.0,127.0,0.72577417,115.0,130.0,0.6085957,171.0,157.0,0.8936238,114.0,166.0,0.7698944,177.0,186.0,0.6975684,121.0,189.0,0.44563603,135.0,62.0,0.7787524,113.0,63.0,0.71178615,141.0,104.0,0.4047837,109.0,111.0,0.4861099,134.0,128.0,0.19912845,106.0,130.0,0.25668827
guy3_dog046_flipped.jpg,157.0,149.0,0.4471316,161.0,153.0,0.49144197,153.0,153.0,0.4547195,169.0,147.0,0.5507237,148.0,147.0,0.44709834,182.0,134.0,0.6086927,140.0,128.0,0.6142594,185.0,165.0,0.79138744,127.0,160.0,0.7746016,178.0,193.0,0.636617,122.0,187.0,0.6090804,185.0,64.0,0.88917685,162.0,64.0,0.86142313,194.0,105.0,0.41242325,167.0,106.0,0.4696724,189.0,134.0,0.28271052,171.0,131.0,0.25912982
guy3_dog047.jpg,141.0,156.0,0.3881322,146.0,157.0,0.5282484,138.0,157.0,0.47501063,150.0,148.0,0.53093094,130.0,149.0,0.5131073,160.0,128.0,0.7281817,115.0,131.0,0.4783557,171.0,158.0,0.84602356,115.0,163.0,0.70950586,175.0,181.0,0.4992677,119.0,181.0,0.22521037,138.0,65.0,0.7274525,115.0,65.0,0.78945696,145.0,104.0,0.35594282,116.0,108.0,0.35084695,138.0,127.0,0.18382293,116.0,125.0,0.34595954
guy3_dog047_flipped.jpg,156.0,147.0,0.48226,158.0,151.0,0.5626669,152.0,151.0,0.6104139,168.0,145.0,0.6092919,148.0,145.0,0.54928416,182.0,134.0,0.69898355,140.0,127.0,0.56971955,186.0,163.0,0.7399876,128.0,158.0,0.820338,180.0,185.0,0.45031795,123.0,186.0,0.7626281,184.0,64.0,0.8426153,162.0,63.0,0.8249614,192.0,103.0,0.49475598,172.0,103.0,0.3700099,189.0,131.0,0.33479118,172.0,131.0,0.35061604
guy3_dog048.jpg,141.0,153.0,0.3622849,145.0,155.0,0.41623566,138.0,155.0,0.5741811,149.0,146.0,0.5261599,130.0,147.0,0.4628389,159.0,128.0,0.79434025,117.0,130.0,0.4039163,171.0,159.0,0.7361649,113.0,161.0,0.5993127,174.0,182.0,0.3711632,118.0,183.0,0.512268,138.0,64.0,0.8168813,117.0,65.0,0.71675277,146.0,106.0,0.3146031,118.0,114.0,0.42067507,139.0,127.0,0.18522158,118.0,125.0,0.34193188
guy3_dog048_flipped.jpg,157.0,147.0,0.45703992,159.0,151.0,0.54768115,152.0,151.0,0.54640466,167.0,144.0,0.6058107,147.0,145.0,0.40393844,181.0,133.0,0.6968286,139.0,127.0,0.6831856,186.0,160.0,0.59620255,128.0,159.0,0.7732714,181.0,188.0,0.79717255,125.0,186.0,0.5514029,184.0,64.0,0.8610795,162.0,63.0,0.86355305,190.0,103.0,0.5823079,169.0,105.0,0.44335175,184.0,132.0,0.28638342,169.0,128.0,0.31054592
guy3_dog049.jpg,139.0,152.0,0.40609086,144.0,154.0,0.52080333,137.0,154.0,0.3724026,147.0,145.0,0.51155275,129.0,146.0,0.48853782,159.0,128.0,0.8129027,117.0,132.0,0.41049084,170.0,157.0,0.825606,113.0,160.0,0.6945635,174.0,184.0,0.6639346,118.0,186.0,0.7493691,139.0,64.0,0.64142376,116.0,65.0,0.77182937,147.0,105.0,0.3697387,120.0,109.0,0.45354584,141.0,127.0,0.21341369,121.0,125.0,0.45484516
guy3_dog049_flipped.jpg,156.0,146.0,0.45145693,160.0,150.0,0.4163417,153.0,149.0,0.43091246,168.0,143.0,0.50823736,148.0,143.0,0.53649604,181.0,131.0,0.8119218,140.0,125.0,0.5354548,186.0,159.0,0.78530973,128.0,157.0,0.80414784,181.0,188.0,0.79882574,125.0,183.0,0.68799204,181.0,63.0,0.9121944,159.0,64.0,0.816102,187.0,105.0,0.49947113,169.0,105.0,0.51671284,183.0,132.0,0.24689275,168.0,130.0,0.27227324
guy3_dog050.jpg,141.0,150.0,0.381213,145.0,153.0,0.3741296,137.0,153.0,0.4791142,148.0,144.0,0.46786234,130.0,145.0,0.44180724,160.0,126.0,0.6953536,117.0,128.0,0.42949715,170.0,153.0,0.828645,114.0,160.0,0.6498631,173.0,179.0,0.45816582,117.0,182.0,0.40212166,140.0,61.0,0.6953949,117.0,62.0,0.7802042,148.0,102.0,0.4453506,121.0,107.0,0.50760114,143.0,128.0,0.23871377,125.0,129.0,0.40804106
guy3_dog050_flipped.jpg,157.0,145.0,0.4186085,160.0,149.0,0.47445408,153.0,149.0,0.5492303,169.0,143.0,0.51615685,147.0,143.0,0.5797711,182.0,130.0,0.6345173,139.0,125.0,0.7241471,186.0,159.0,0.7165777,128.0,155.0,0.6630542,182.0,185.0,0.5620189,126.0,180.0,0.6785102,180.0,63.0,0.8428056,158.0,62.0,0.8460883,183.0,104.0,0.34813744,157.0,105.0,0.37248734,177.0,130.0,0.2710303,162.0,129.0,0.37209353
guy3_dog051.jpg,140.0,150.0,0.3266443,144.0,153.0,0.4612916,137.0,153.0,0.5843072,148.0,146.0,0.46911117,130.0,146.0,0.4601614,160.0,126.0,0.748671,119.0,129.0,0.46278197,171.0,155.0,0.875133,114.0,159.0,0.66299015,173.0,180.0,0.51111424,118.0,182.0,0.5127735,142.0,61.0,0.7653361,120.0,62.0,0.8438823,149.0,99.0,0.40357295,124.0,104.0,0.4562282,143.0,127.0,0.17605418,123.0,124.0,0.4288859
guy3_dog051_flipped.jpg,155.0,146.0,0.42314088,160.0,150.0,0.4770772,152.0,149.0,0.36826974,167.0,143.0,0.53757507,146.0,143.0,0.49389005,180.0,130.0,0.77569395,138.0,125.0,0.6082129,185.0,160.0,0.66781884,128.0,155.0,0.86797416,182.0,183.0,0.66980654,125.0,181.0,0.7643887,177.0,59.0,0.8107451,157.0,59.0,0.8531173,182.0,101.0,0.31518793,155.0,100.0,0.39175448,176.0,129.0,0.22868371,159.0,126.0,0.32176912
guy3_dog052.jpg,142.0,149.0,0.40533766,146.0,151.0,0.551074,139.0,151.0,0.51053584,151.0,145.0,0.5378489,132.0,145.0,0.571994,162.0,126.0,0.7056695,120.0,126.0,0.5007203,172.0,155.0,0.77854824,115.0,158.0,0.7841171,175.0,180.0,0.711801,119.0,180.0,0.35945067,144.0,61.0,0.8192938,123.0,61.0,0.76280594,149.0,97.0,0.45019493,123.0,104.0,0.48948807,146.0,126.0,0.24777853,128.0,125.0,0.37156817
guy3_dog052_flipped.jpg,155.0,147.0,0.35202914,159.0,150.0,0.5315536,151.0,150.0,0.470194,167.0,142.0,0.5938876,145.0,143.0,0.4184634,180.0,126.0,0.7399431,138.0,123.0,0.5502438,185.0,157.0,0.75797975,127.0,153.0,0.7674669,183.0,180.0,0.46659422,125.0,179.0,0.6033217,176.0,60.0,0.82659566,154.0,58.0,0.8070115,180.0,103.0,0.39967138,150.0,106.0,0.50281656,172.0,133.0,0.19243884,155.0,128.0,0.3051147
guy3_dog053.jpg,143.0,149.0,0.44204485,147.0,152.0,0.5517944,140.0,152.0,0.51530766,153.0,145.0,0.5626537,133.0,145.0,0.58321667,163.0,124.0,0.67528343,122.0,125.0,0.51845294,172.0,154.0,0.8299083,116.0,157.0,0.5813507,175.0,178.0,0.752145,121.0,179.0,0.5170619,145.0,59.0,0.78467715,124.0,59.0,0.84721804,153.0,100.0,0.4164207,127.0,104.0,0.53394777,149.0,128.0,0.1838645,129.0,126.0,0.3319612
guy3_dog053_flipped.jpg,155.0,146.0,0.42368063,159.0,150.0,0.5143703,150.0,149.0,0.53350437,166.0,142.0,0.575177,144.0,143.0,0.5281366,179.0,127.0,0.5651738,137.0,123.0,0.59190357,184.0,157.0,0.55902696,126.0,153.0,0.70226866,182.0,180.0,0.5808028,125.0,179.0,0.8112024,174.0,57.0,0.841666,152.0,57.0,0.8575282,177.0,103.0,0.37922695,148.0,105.0,0.58851874,171.0,132.0,0.32600957,153.0,128.0,0.34626532
guy3_dog054.jpg,144.0,149.0,0.2886732,148.0,152.0,0.49011204,141.0,151.0,0.41809478,153.0,144.0,0.54776084,134.0,144.0,0.4844304,163.0,124.0,0.64992994,123.0,126.0,0.49648815,174.0,155.0,0.8571615,116.0,156.0,0.6405941,175.0,180.0,0.6678375,120.0,180.0,0.58425224,147.0,60.0,0.8333056,126.0,60.0,0.8750752,154.0,99.0,0.47926512,129.0,104.0,0.5741254,148.0,126.0,0.24186966,131.0,127.0,0.4385035
guy3_dog054_flipped.jpg,153.0,144.0,0.37119824,158.0,148.0,0.45798334,149.0,148.0,0.52933013,166.0,139.0,0.5407548,143.0,140.0,0.552283,177.0,127.0,0.67361724,134.0,125.0,0.5182511,184.0,156.0,0.70888454,126.0,155.0,0.8323356,182.0,180.0,0.56004107,125.0,183.0,0.7650684,172.0,58.0,0.8282089,151.0,57.0,0.6199369,174.0,102.0,0.48264322,146.0,103.0,0.49420354,170.0,133.0,0.27468646,151.0,128.0,0.31841427
guy3_dog055.jpg,146.0,149.0,0.45199195,150.0,152.0,0.46236512,142.0,151.0,0.51487184,155.0,144.0,0.50643396,135.0,144.0,0.49829918,166.0,124.0,0.5964465,125.0,126.0,0.49422777,175.0,155.0,0.77263105,118.0,158.0,0.7115306,177.0,181.0,0.81189823,121.0,182.0,0.67247105,149.0,60.0,0.7811922,128.0,60.0,0.7374761,157.0,100.0,0.35592902,130.0,103.0,0.5049979,150.0,128.0,0.23986879,132.0,128.0,0.41860136
guy3_dog055_flipped.jpg,153.0,143.0,0.3747542,157.0,146.0,0.5455503,149.0,147.0,0.42757833,165.0,140.0,0.55336744,143.0,140.0,0.5031117,176.0,126.0,0.5882849,134.0,124.0,0.59913325,182.0,157.0,0.6944947,125.0,156.0,0.84162134,180.0,181.0,0.68657655,123.0,182.0,0.6742961,171.0,57.0,0.8663611,149.0,56.0,0.8460088,173.0,101.0,0.5509994,144.0,104.0,0.529463,170.0,132.0,0.29738903,149.0,127.0,0.35593438
guy3_dog056.jpg,146.0,147.0,0.4020363,150.0,149.0,0.5036499,144.0,149.0,0.54159427,156.0,142.0,0.50498617,136.0,141.0,0.58021,166.0,124.0,0.6720593,126.0,125.0,0.55930173,176.0,153.0,0.8469527,118.0,156.0,0.65327036,178.0,179.0,0.6210753,123.0,181.0,0.68533546,151.0,61.0,0.7668692,131.0,61.0,0.77980316,159.0,99.0,0.34671217,132.0,103.0,0.6084782,152.0,125.0,0.20053965,135.0,126.0,0.4388116
guy3_dog056_flipped.jpg,149.0,144.0,0.37109387,154.0,146.0,0.565094,146.0,147.0,0.37167937,162.0,139.0,0.55416244,140.0,140.0,0.52399236,173.0,125.0,0.69649786,132.0,124.0,0.6208353,180.0,154.0,0.75467074,124.0,153.0,0.8180795,178.0,180.0,0.67062044,123.0,181.0,0.8498297,169.0,58.0,0.87092125,147.0,58.0,0.8497675,170.0,102.0,0.49627858,143.0,103.0,0.56695217,170.0,130.0,0.31468976,148.0,126.0,0.26434207
guy3_dog057.jpg,147.0,146.0,0.39917624,152.0,149.0,0.5629705,145.0,148.0,0.5143037,158.0,143.0,0.5273991,138.0,141.0,0.5811752,169.0,125.0,0.6909127,127.0,127.0,0.47664157,178.0,155.0,0.80444956,120.0,158.0,0.62531495,179.0,178.0,0.6028416,123.0,181.0,0.7085807,152.0,61.0,0.70656866,131.0,62.0,0.81557274,160.0,100.0,0.32040042,134.0,103.0,0.5313824,151.0,126.0,0.19267213,135.0,128.0,0.39066225
guy3_dog057_flipped.jpg,149.0,143.0,0.40726256,154.0,147.0,0.34714532,145.0,147.0,0.5351797,162.0,140.0,0.6339321,140.0,140.0,0.567895,171.0,126.0,0.7032229,130.0,125.0,0.597672,178.0,155.0,0.5534791,122.0,155.0,0.802367,177.0,180.0,0.7158114,121.0,180.0,0.8803566,166.0,59.0,0.869303,144.0,59.0,0.84996974,167.0,104.0,0.5010636,140.0,105.0,0.42724416,168.0,134.0,0.34092957,146.0,130.0,0.1691593
guy3_dog058.jpg,149.0,148.0,0.2906084,154.0,150.0,0.54552853,147.0,149.0,0.36826777,161.0,142.0,0.5736692,140.0,142.0,0.4850867,171.0,126.0,0.6959417,129.0,126.0,0.41812274,179.0,159.0,0.7561703,122.0,158.0,0.77612007,179.0,177.0,0.5190048,125.0,180.0,0.4295704,156.0,61.0,0.8305191,135.0,61.0,0.55369604,160.0,97.0,0.5266745,138.0,100.0,0.5351016,156.0,127.0,0.18535006,140.0,129.0,0.4091589
guy3_dog058_flipped.jpg,148.0,144.0,0.4292784,152.0,148.0,0.49942154,144.0,148.0,0.60946107,160.0,140.0,0.5653517,138.0,141.0,0.6430769,170.0,125.0,0.6855897,129.0,126.0,0.479041,178.0,155.0,0.6467205,120.0,153.0,0.63147914,175.0,178.0,0.63943505,120.0,180.0,0.79170525,164.0,58.0,0.8574249,140.0,58.0,0.8025839,166.0,108.0,0.43987283,136.0,108.0,0.49725822,165.0,139.0,0.28700534,144.0,132.0,0.18181479
guy3_dog059.jpg,152.0,147.0,0.36921597,155.0,151.0,0.4671444,148.0,149.0,0.48272088,162.0,143.0,0.48631313,142.0,142.0,0.53335875,173.0,126.0,0.6784266,131.0,126.0,0.4516362,180.0,155.0,0.70787895,123.0,157.0,0.813478,181.0,179.0,0.61097986,125.0,180.0,0.4051975,159.0,60.0,0.8026875,138.0,60.0,0.8500737,162.0,100.0,0.41920426,139.0,103.0,0.47942674,158.0,127.0,0.20212564,141.0,125.0,0.53631854
guy3_dog059_flipped.jpg,143.0,145.0,0.34452158,149.0,148.0,0.4733982,141.0,148.0,0.5651862,157.0,141.0,0.4942207,136.0,142.0,0.58465844,168.0,126.0,0.5935325,126.0,126.0,0.48687875,176.0,156.0,0.7519249,118.0,156.0,0.81740475,174.0,180.0,0.5287146,119.0,181.0,0.8951335,160.0,59.0,0.8385993,136.0,60.0,0.802469,161.0,105.0,0.5574136,135.0,105.0,0.5496182,161.0,134.0,0.38383323,146.0,134.0,0.3531854
guy3_dog060.jpg,152.0,146.0,0.369969,157.0,150.0,0.3300636,149.0,149.0,0.4695564,163.0,143.0,0.49876386,143.0,142.0,0.439588,175.0,125.0,0.70260906,133.0,127.0,0.39246082,184.0,157.0,0.8097359,126.0,158.0,0.781108,184.0,178.0,0.66411144,126.0,179.0,0.4458714,161.0,61.0,0.7883972,140.0,61.0,0.87108326,164.0,99.0,0.5082625,143.0,101.0,0.54321706,160.0,127.0,0.2117112,148.0,129.0,0.4033888
guy3_dog060_flipped.jpg,143.0,145.0,0.40831223,148.0,149.0,0.5115099,140.0,149.0,0.44022283,155.0,142.0,0.52379674,134.0,142.0,0.43978822,166.0,127.0,0.582631,125.0,126.0,0.642467,174.0,157.0,0.74416935,116.0,157.0,0.84665334,173.0,179.0,0.562463,117.0,181.0,0.8864435,159.0,59.0,0.8689353,136.0,58.0,0.73019904,159.0,105.0,0.49587658,133.0,105.0,0.49301317,158.0,134.0,0.28410155,140.0,131.0,0.2962236
guy3_dog061.jpg,154.0,147.0,0.2783779,158.0,151.0,0.55061305,151.0,151.0,0.4551918,165.0,144.0,0.4884508,145.0,144.0,0.5021695,177.0,127.0,0.68299305,136.0,126.0,0.5074495,185.0,157.0,0.7711654,128.0,156.0,0.80744314,185.0,182.0,0.628777,128.0,183.0,0.81038684,164.0,62.0,0.82982516,143.0,61.0,0.6710251,169.0,99.0,0.40305153,147.0,99.0,0.4141971,167.0,126.0,0.16367298,148.0,125.0,0.39831346
guy3_dog061_flipped.jpg,141.0,147.0,0.38385618,146.0,150.0,0.44223797,137.0,150.0,0.5527381,153.0,144.0,0.5723701,131.0,144.0,0.52055013,163.0,128.0,0.6739626,122.0,126.0,0.64439523,171.0,159.0,0.6194422,114.0,158.0,0.85204923,172.0,182.0,0.5378366,114.0,183.0,0.7479735,154.0,60.0,0.8292196,131.0,60.0,0.6749153,157.0,106.0,0.33710265,131.0,107.0,0.5794967,157.0,135.0,0.33320534,138.0,130.0,0.23069277
guy3_dog062.jpg,155.0,147.0,0.35270095,160.0,151.0,0.4948181,153.0,150.0,0.5800505,168.0,144.0,0.5686321,147.0,144.0,0.5664235,179.0,127.0,0.61277413,138.0,127.0,0.33020782,187.0,158.0,0.74132776,129.0,158.0,0.7343993,187.0,183.0,0.7064104,130.0,183.0,0.8168603,167.0,61.0,0.7997385,146.0,61.0,0.8884641,170.0,101.0,0.58640075,147.0,100.0,0.5378639,165.0,130.0,0.1835781,149.0,131.0,0.46442157
guy3_dog062_flipped.jpg,141.0,146.0,0.45347512,145.0,150.0,0.42104667,136.0,150.0,0.5618226,152.0,144.0,0.5722778,131.0,145.0,0.6114571,161.0,128.0,0.7221666,121.0,126.0,0.64336604,170.0,156.0,0.7668027,112.0,159.0,0.8757771,170.0,184.0,0.78425634,113.0,185.0,0.7390071,152.0,62.0,0.79536414,130.0,61.0,0.85513663,155.0,107.0,0.52468485,129.0,111.0,0.5348945,153.0,135.0,0.1733622,138.0,133.0,0.272162
guy3_dog063.jpg,158.0,149.0,0.3583904,162.0,153.0,0.31170312,154.0,153.0,0.5371699,168.0,144.0,0.5009812,148.0,146.0,0.53488165,180.0,127.0,0.67573935,141.0,128.0,0.44311276,189.0,159.0,0.66365147,131.0,160.0,0.62330836,188.0,187.0,0.58717585,131.0,188.0,0.5323213,169.0,62.0,0.742999,149.0,62.0,0.8483679,174.0,105.0,0.40626386,150.0,102.0,0.61407,170.0,128.0,0.24318215,152.0,127.0,0.397037
guy3_dog063_flipped.jpg,137.0,152.0,0.4108095,142.0,155.0,0.48625326,134.0,155.0,0.4801609,149.0,147.0,0.52686065,128.0,148.0,0.5082869,161.0,130.0,0.66839445,119.0,127.0,0.49790418,168.0,160.0,0.74830073,110.0,160.0,0.71135825,168.0,183.0,0.60451084,111.0,184.0,0.84254116,148.0,60.0,0.8610376,126.0,61.0,0.7362369,150.0,104.0,0.6297604,126.0,109.0,0.56742346,149.0,137.0,0.19318148,134.0,135.0,0.24726135
guy3_dog064.jpg,161.0,149.0,0.38606417,164.0,152.0,0.49711767,157.0,152.0,0.46570912,171.0,143.0,0.581646,150.0,145.0,0.46431908,183.0,129.0,0.68181604,142.0,130.0,0.51884043,190.0,160.0,0.754668,133.0,160.0,0.72467506,190.0,188.0,0.67151606,133.0,188.0,0.89758295,171.0,64.0,0.73546535,152.0,65.0,0.87983096,178.0,105.0,0.38910863,152.0,102.0,0.45032942,175.0,131.0,0.23680231,156.0,131.0,0.397026
guy3_dog064_flipped.jpg,135.0,150.0,0.44207165,140.0,154.0,0.5140925,132.0,153.0,0.4449946,147.0,147.0,0.59283555,127.0,147.0,0.5167397,157.0,130.0,0.71066797,117.0,128.0,0.603728,166.0,160.0,0.7255737,108.0,161.0,0.8562689,167.0,186.0,0.72218853,109.0,187.0,0.8705667,146.0,61.0,0.78594685,124.0,61.0,0.82369506,147.0,105.0,0.5711273,122.0,110.0,0.5414143,147.0,136.0,0.2213656,129.0,133.0,0.28278452
guy3_dog065.jpg,164.0,154.0,0.4097858,168.0,156.0,0.52790177,160.0,157.0,0.53188705,175.0,147.0,0.5278686,152.0,148.0,0.5012654,186.0,131.0,0.5395198,144.0,132.0,0.52155423,193.0,163.0,0.8350848,134.0,162.0,0.8160218,192.0,188.0,0.45634896,134.0,189.0,0.8137773,176.0,63.0,0.8112261,155.0,64.0,0.84622717,180.0,103.0,0.4722229,154.0,104.0,0.49612275,178.0,133.0,0.27456367,156.0,130.0,0.4539441
guy3_dog065_flipped.jpg,133.0,154.0,0.36244577,137.0,158.0,0.57011056,129.0,157.0,0.5509366,142.0,150.0,0.5242268,122.0,149.0,0.44113842,154.0,130.0,0.68371725,113.0,129.0,0.6451905,163.0,163.0,0.7519821,106.0,163.0,0.77808154,165.0,189.0,0.62822974,107.0,191.0,0.8615433,141.0,62.0,0.7319355,118.0,63.0,0.8134676,144.0,109.0,0.57616675,120.0,113.0,0.6343047,144.0,137.0,0.18689981,127.0,135.0,0.20055822
guy3_dog066.jpg,166.0,152.0,0.37666187,170.0,155.0,0.4430531,162.0,155.0,0.56498855,179.0,146.0,0.6321695,155.0,148.0,0.53843236,189.0,131.0,0.6692968,145.0,134.0,0.36011004,195.0,163.0,0.7558961,136.0,162.0,0.5851257,193.0,187.0,0.6605352,135.0,188.0,0.731931,177.0,65.0,0.7827326,157.0,66.0,0.875125,182.0,107.0,0.5127325,157.0,104.0,0.61188865,179.0,137.0,0.32370812,160.0,134.0,0.5074663
guy3_dog066_flipped.jpg,131.0,153.0,0.36204296,134.0,157.0,0.5145156,127.0,156.0,0.573459,141.0,150.0,0.5415127,120.0,149.0,0.49939662,154.0,133.0,0.62500274,110.0,132.0,0.47828522,163.0,162.0,0.70305943,103.0,164.0,0.7612092,165.0,189.0,0.6288683,106.0,191.0,0.79923284,140.0,61.0,0.80851257,116.0,62.0,0.6801629,142.0,109.0,0.37691432,117.0,111.0,0.575798,140.0,138.0,0.19750503,121.0,139.0,0.26330024
guy3_dog067.jpg,168.0,154.0,0.38810086,173.0,156.0,0.522676,164.0,157.0,0.3797595,182.0,147.0,0.6986551,158.0,149.0,0.47163442,191.0,132.0,0.65676105,148.0,131.0,0.45234564,197.0,165.0,0.807886,137.0,162.0,0.76643217,197.0,187.0,0.60075307,137.0,190.0,0.78902304,183.0,65.0,0.8094368,161.0,66.0,0.84742904,186.0,107.0,0.39022416,160.0,106.0,0.51875746,184.0,135.0,0.31443602,163.0,132.0,0.3858615
guy3_dog067_flipped.jpg,128.0,157.0,0.29847944,133.0,159.0,0.602471,125.0,158.0,0.48147172,140.0,151.0,0.61057186,118.0,150.0,0.4764532,153.0,134.0,0.669909,107.0,132.0,0.5376411,161.0,164.0,0.74466807,101.0,166.0,0.698894,163.0,188.0,0.7383175,103.0,188.0,0.5767515,136.0,63.0,0.82114136,113.0,64.0,0.82247955,139.0,106.0,0.56975734,114.0,110.0,0.5219804,137.0,140.0,0.1939258,120.0,138.0,0.21439895
guy3_dog068.jpg,170.0,154.0,0.41313994,175.0,156.0,0.5158593,167.0,157.0,0.34917682,182.0,149.0,0.61263263,160.0,150.0,0.5579831,194.0,133.0,0.53051966,150.0,132.0,0.6233285,200.0,166.0,0.81972665,140.0,164.0,0.814685,198.0,186.0,0.6140826,137.0,188.0,0.5269827,185.0,66.0,0.7811324,164.0,66.0,0.86343265,189.0,106.0,0.3995144,162.0,106.0,0.42598635,186.0,136.0,0.30539685,167.0,134.0,0.41935876
guy3_dog068_flipped.jpg,125.0,154.0,0.35592154,130.0,158.0,0.50996244,122.0,157.0,0.50340873,137.0,151.0,0.56864524,115.0,150.0,0.65517014,150.0,134.0,0.7611364,104.0,134.0,0.43100113,159.0,165.0,0.7418968,99.0,169.0,0.886979,162.0,190.0,0.79241943,103.0,191.0,0.4517311,133.0,63.0,0.78828484,110.0,65.0,0.8338306,137.0,107.0,0.5690871,112.0,110.0,0.53531533,134.0,140.0,0.23514134,116.0,140.0,0.35541105
guy3_dog069.jpg,173.0,156.0,0.39392197,178.0,158.0,0.47897494,168.0,159.0,0.4484517,186.0,150.0,0.6338195,162.0,151.0,0.47050104,196.0,136.0,0.6783531,152.0,133.0,0.6540682,202.0,170.0,0.79072535,141.0,166.0,0.70241094,201.0,190.0,0.40203884,139.0,192.0,0.73929614,190.0,66.0,0.83035827,167.0,66.0,0.6828562,191.0,106.0,0.3673067,164.0,106.0,0.47738564,189.0,139.0,0.32813704,168.0,131.0,0.41859794
guy3_dog069_flipped.jpg,123.0,154.0,0.38289994,128.0,159.0,0.4422135,121.0,158.0,0.3692786,135.0,151.0,0.5955274,114.0,151.0,0.57119584,148.0,134.0,0.7700058,103.0,136.0,0.39877975,159.0,166.0,0.7160331,98.0,168.0,0.7900207,160.0,193.0,0.747879,100.0,193.0,0.616637,130.0,65.0,0.8045652,107.0,66.0,0.85680616,135.0,113.0,0.5241382,109.0,113.0,0.5243044,130.0,141.0,0.27390105,113.0,142.0,0.36654788
guy3_dog070.jpg,175.0,156.0,0.3805585,179.0,158.0,0.41654733,170.0,160.0,0.44013295,188.0,152.0,0.552547,163.0,153.0,0.4920083,197.0,135.0,0.6245602,154.0,133.0,0.657079,204.0,167.0,0.81853867,142.0,166.0,0.70982623,201.0,195.0,0.648296,140.0,195.0,0.7547681,192.0,66.0,0.7752333,169.0,67.0,0.82133377,194.0,110.0,0.5375907,165.0,109.0,0.4829853,193.0,141.0,0.42839733,169.0,133.0,0.31628093
guy3_dog070_flipped.jpg,122.0,155.0,0.34047884,126.0,160.0,0.38943252,118.0,159.0,0.44143885,133.0,151.0,0.5379488,112.0,152.0,0.59438896,146.0,135.0,0.7210563,101.0,137.0,0.4048971,156.0,166.0,0.7975228,96.0,169.0,0.7650282,159.0,193.0,0.67916036,99.0,195.0,0.562844,128.0,66.0,0.82904875,105.0,68.0,0.88154995,132.0,110.0,0.50217295,108.0,112.0,0.47419387,129.0,137.0,0.18616247,108.0,140.0,0.37495607
guy3_dog071.jpg,176.0,156.0,0.3821473,180.0,159.0,0.46488136,172.0,160.0,0.475213,189.0,151.0,0.6996238,166.0,153.0,0.41081637,200.0,135.0,0.7077562,155.0,134.0,0.4702202,206.0,169.0,0.8136436,143.0,167.0,0.780805,203.0,193.0,0.73980033,140.0,194.0,0.79430735,194.0,68.0,0.8126098,172.0,68.0,0.86411947,196.0,109.0,0.49933618,167.0,108.0,0.4632913,194.0,143.0,0.34987363,171.0,133.0,0.384095
guy3_dog071_flipped.jpg,120.0,157.0,0.35438263,125.0,161.0,0.34402478,117.0,160.0,0.50010806,132.0,152.0,0.5639547,110.0,154.0,0.6103487,144.0,136.0,0.68289864,99.0,138.0,0.51124954,156.0,168.0,0.7027824,93.0,171.0,0.69745076,161.0,195.0,0.7040985,98.0,197.0,0.65984976,125.0,67.0,0.82424915,101.0,69.0,0.86515796,128.0,112.0,0.38466483,104.0,113.0,0.41217682,127.0,136.0,0.15604436,103.0,140.0,0.41382873
guy3_dog072.jpg,176.0,160.0,0.3676817,179.0,164.0,0.5132407,172.0,164.0,0.4711932,190.0,156.0,0.6313644,165.0,156.0,0.4618394,202.0,140.0,0.7044642,156.0,137.0,0.5739793,207.0,173.0,0.8398485,145.0,168.0,0.5959616,203.0,196.0,0.6930977,142.0,197.0,0.72809845,197.0,68.0,0.77088964,175.0,68.0,0.81749356,197.0,110.0,0.4333274,172.0,107.0,0.63744307,195.0,142.0,0.34800416,174.0,135.0,0.47579512
guy3_dog072_flipped.jpg,120.0,160.0,0.3770887,125.0,164.0,0.43189982,117.0,164.0,0.399448,131.0,155.0,0.524938,109.0,157.0,0.59723586,143.0,135.0,0.58102465,98.0,139.0,0.44522595,154.0,168.0,0.84610933,92.0,172.0,0.8819136,158.0,196.0,0.8827838,96.0,201.0,0.7745862,123.0,68.0,0.79244936,99.0,69.0,0.64759004,127.0,110.0,0.4758126,104.0,110.0,0.42883423,125.0,139.0,0.1575664,105.0,138.0,0.29478145
guy3_dog073.jpg,177.0,160.0,0.37597337,181.0,163.0,0.40933293,172.0,163.0,0.5330434,189.0,156.0,0.5678614,165.0,156.0,0.54006165,203.0,140.0,0.6950426,156.0,139.0,0.55034447,209.0,172.0,0.8169998,147.0,169.0,0.77705383,205.0,198.0,0.83367395,143.0,198.0,0.82498205,201.0,68.0,0.77097297,178.0,68.0,0.7758789,201.0,115.0,0.37770513,173.0,111.0,0.56385094,197.0,145.0,0.3041876,178.0,141.0,0.5544831
guy3_dog073_flipped.jpg,120.0,163.0,0.34362924,125.0,165.0,0.45707518,116.0,166.0,0.5767678,130.0,155.0,0.5143313,108.0,158.0,0.6194047,141.0,137.0,0.7972506,95.0,141.0,0.51452225,153.0,169.0,0.8205384,89.0,175.0,0.828831,158.0,199.0,0.6092964,96.0,201.0,0.79041106,120.0,67.0,0.8582405,96.0,70.0,0.88646895,126.0,114.0,0.6277815,101.0,116.0,0.59819347,125.0,144.0,0.23005837,102.0,146.0,0.29835543
guy3_dog074.jpg,178.0,162.0,0.3825164,183.0,166.0,0.4650288,174.0,165.0,0.54970366,191.0,157.0,0.5243696,167.0,156.0,0.43979087,205.0,140.0,0.76346815,159.0,138.0,0.5607482,210.0,174.0,0.8099164,147.0,170.0,0.7454548,206.0,195.0,0.62707675,144.0,197.0,0.7207355,201.0,72.0,0.769923,180.0,71.0,0.6159605,203.0,112.0,0.37892345,174.0,111.0,0.45501107,196.0,146.0,0.23109359,180.0,140.0,0.52716696
guy3_dog074_flipped.jpg,117.0,168.0,0.42002591,122.0,170.0,0.48210594,114.0,170.0,0.48800755,127.0,159.0,0.49355227,106.0,160.0,0.5902077,139.0,140.0,0.8214766,93.0,140.0,0.64259106,152.0,170.0,0.8482904,89.0,177.0,0.8860464,156.0,200.0,0.7656539,93.0,201.0,0.73431474,117.0,69.0,0.7279892,94.0,71.0,0.7726709,126.0,118.0,0.33299452,99.0,119.0,0.44746512,121.0,142.0,0.1636483,99.0,141.0,0.23365486
guy3_dog075.jpg,180.0,163.0,0.4028079,184.0,166.0,0.44639927,176.0,166.0,0.43655336,194.0,158.0,0.42702365,170.0,158.0,0.45813918,207.0,139.0,0.6678232,162.0,137.0,0.49613032,212.0,175.0,0.72944653,148.0,169.0,0.74284786,206.0,195.0,0.48609608,143.0,197.0,0.7441982,206.0,69.0,0.8140287,183.0,69.0,0.6171264,206.0,112.0,0.40524662,178.0,110.0,0.5629732,200.0,143.0,0.25520343,183.0,142.0,0.54657024
guy3_dog075_flipped.jpg,115.0,167.0,0.29856014,120.0,169.0,0.4871314,112.0,169.0,0.55046195,126.0,159.0,0.5296067,103.0,160.0,0.5005523,137.0,139.0,0.7101482,92.0,140.0,0.5889509,151.0,170.0,0.8952688,87.0,176.0,0.8505624,156.0,200.0,0.6021104,93.0,202.0,0.6561104,116.0,66.0,0.80368215,92.0,69.0,0.73368007,122.0,115.0,0.52662146,96.0,120.0,0.618423,119.0,144.0,0.20534173,99.0,144.0,0.2065219
guy3_dog076.jpg,181.0,164.0,0.39566034,186.0,167.0,0.4574886,177.0,166.0,0.3434201,195.0,159.0,0.5184943,171.0,158.0,0.5264699,209.0,141.0,0.51250595,162.0,140.0,0.37023562,212.0,176.0,0.81228673,149.0,171.0,0.7907472,208.0,196.0,0.60116357,145.0,199.0,0.82058036,209.0,71.0,0.8543834,187.0,70.0,0.5981519,209.0,111.0,0.40461648,182.0,106.0,0.6129739,205.0,140.0,0.25952163,186.0,141.0,0.5006265
guy3_dog076_flipped.jpg,113.0,166.0,0.39927578,118.0,169.0,0.5060929,111.0,169.0,0.43345922,123.0,159.0,0.54235446,101.0,160.0,0.4685531,135.0,139.0,0.7282212,89.0,142.0,0.540981,150.0,171.0,0.77036345,85.0,178.0,0.86257446,155.0,199.0,0.50694156,92.0,202.0,0.48433298,112.0,68.0,0.85200536,88.0,71.0,0.7512034,119.0,115.0,0.49826038,93.0,117.0,0.65036154,115.0,143.0,0.21991771,96.0,144.0,0.28422692
guy3_dog077.jpg,181.0,162.0,0.31734192,186.0,166.0,0.35628557,177.0,166.0,0.58274454,196.0,158.0,0.53116244,172.0,159.0,0.53879666,209.0,143.0,0.58828604,164.0,140.0,0.67470163,215.0,177.0,0.7831064,151.0,170.0,0.70524645,208.0,198.0,0.6086575,145.0,200.0,0.87672555,211.0,72.0,0.8450246,189.0,70.0,0.8101846,212.0,118.0,0.37547877,191.0,113.0,0.40039107,207.0,142.0,0.2510689,191.0,142.0,0.2929091
guy3_dog077_flipped.jpg,114.0,168.0,0.3719396,118.0,171.0,0.40031585,111.0,171.0,0.54528457,123.0,161.0,0.57304716,101.0,162.0,0.52798146,136.0,140.0,0.7107366,88.0,142.0,0.6508429,148.0,173.0,0.8462235,84.0,179.0,0.7808895,155.0,202.0,0.5949168,92.0,204.0,0.6353401,110.0,69.0,0.7623099,86.0,71.0,0.7158953,117.0,117.0,0.49007335,90.0,124.0,0.5558305,111.0,145.0,0.19153038,92.0,149.0,0.19898
guy3_dog078.jpg,183.0,165.0,0.40940058,187.0,168.0,0.36088797,178.0,168.0,0.51781285,198.0,161.0,0.5252586,173.0,161.0,0.55602235,211.0,145.0,0.53167224,164.0,141.0,0.54645145,215.0,180.0,0.7144353,150.0,172.0,0.7886725,209.0,203.0,0.61342734,145.0,203.0,0.7516526,212.0,72.0,0.7642628,190.0,70.0,0.873958,215.0,117.0,0.43048874,193.0,110.0,0.5824616,211.0,147.0,0.2990361,194.0,143.0,0.23992363
guy3_dog078_flipped.jpg,114.0,170.0,0.38530505,119.0,172.0,0.48463786,110.0,173.0,0.57155025,124.0,162.0,0.4952316,100.0,163.0,0.60964423,134.0,140.0,0.6336606,87.0,143.0,0.53032976,148.0,173.0,0.8815129,84.0,180.0,0.6150445,154.0,203.0,0.827145,91.0,207.0,0.8018229,110.0,70.0,0.81247616,85.0,73.0,0.73762256,118.0,122.0,0.57571346,88.0,130.0,0.59929097,114.0,150.0,0.20927048,92.0,154.0,0.20462573
guy3_dog079.jpg,183.0,167.0,0.38725334,187.0,169.0,0.48196378,180.0,170.0,0.47170556,199.0,160.0,0.66054523,174.0,162.0,0.52478194,213.0,147.0,0.650773,166.0,143.0,0.5996714,217.0,182.0,0.80625045,152.0,174.0,0.8066681,210.0,205.0,0.66884625,146.0,205.0,0.7869556,216.0,73.0,0.6905461,193.0,72.0,0.680939,217.0,122.0,0.44079626,196.0,119.0,0.32014468,209.0,152.0,0.3082954,196.0,151.0,0.34589356
guy3_dog079_flipped.jpg,113.0,171.0,0.31621715,117.0,173.0,0.41964346,108.0,173.0,0.54544413,121.0,162.0,0.51735115,98.0,164.0,0.6144805,132.0,141.0,0.64956105,84.0,143.0,0.5450082,147.0,173.0,0.80732226,83.0,182.0,0.7826997,153.0,204.0,0.8001311,92.0,211.0,0.9049649,108.0,70.0,0.8113552,82.0,74.0,0.75296605,116.0,121.0,0.550094,87.0,125.0,0.60018855,110.0,142.0,0.24006233,88.0,148.0,0.20335853
guy3_dog080.jpg,187.0,167.0,0.46524456,190.0,170.0,0.62182504,183.0,170.0,0.5008985,200.0,163.0,0.58864707,178.0,162.0,0.51420957,215.0,148.0,0.48281434,167.0,142.0,0.5914928,218.0,182.0,0.674512,153.0,173.0,0.7335167,210.0,210.0,0.61007583,145.0,204.0,0.86281526,220.0,73.0,0.77997386,195.0,71.0,0.8485235,219.0,127.0,0.4107799,200.0,122.0,0.31666744,217.0,150.0,0.28385824,203.0,144.0,0.20356438
guy3_dog080_flipped.jpg,110.0,169.0,0.40978056,116.0,171.0,0.47968006,108.0,172.0,0.50980777,121.0,161.0,0.567271,97.0,164.0,0.6259167,132.0,142.0,0.8353951,82.0,146.0,0.4074681,146.0,175.0,0.82670957,82.0,185.0,0.71679825,154.0,205.0,0.88845944,90.0,210.0,0.7848813,105.0,70.0,0.84857076,79.0,73.0,0.80832124,112.0,117.0,0.5812846,84.0,121.0,0.4593448,104.0,143.0,0.1424056,83.0,146.0,0.23540357
guy3_dog081.jpg,185.0,167.0,0.35144866,191.0,171.0,0.56550074,181.0,171.0,0.5534155,202.0,163.0,0.54529077,175.0,162.0,0.56376535,216.0,146.0,0.6160042,168.0,142.0,0.6718186,217.0,182.0,0.8683536,152.0,173.0,0.84626186,207.0,212.0,0.82293224,145.0,204.0,0.74261254,220.0,71.0,0.74817854,197.0,70.0,0.77065027,226.0,120.0,0.4167255,202.0,120.0,0.25316867,222.0,152.0,0.40317243,211.0,147.0,0.3268292
guy3_dog081_flipped.jpg,111.0,168.0,0.37830138,116.0,171.0,0.38918206,107.0,172.0,0.4453479,120.0,162.0,0.5358354,97.0,165.0,0.60339046,128.0,141.0,0.6884874,83.0,145.0,0.32716525,144.0,173.0,0.7881696,81.0,182.0,0.678563,155.0,204.0,0.71827257,92.0,214.0,0.82376933,101.0,67.0,0.72652227,78.0,69.0,0.7056739,108.0,119.0,0.40684062,81.0,126.0,0.58095294,95.0,145.0,0.20833108,78.0,151.0,0.33967522
guy3_dog082.jpg,186.0,167.0,0.37537748,191.0,173.0,0.4172838,180.0,171.0,0.5188145,202.0,164.0,0.60551333,175.0,163.0,0.5338921,217.0,146.0,0.60454416,169.0,143.0,0.5748997,219.0,184.0,0.6902436,153.0,173.0,0.74672,207.0,214.0,0.73023343,145.0,206.0,0.7124272,223.0,70.0,0.8279949,198.0,70.0,0.7239054,226.0,119.0,0.28990626,200.0,115.0,0.312051,223.0,153.0,0.37202203,211.0,148.0,0.31248194
guy3_dog082_flipped.jpg,111.0,169.0,0.3888778,115.0,172.0,0.51434463,107.0,173.0,0.5525384,120.0,162.0,0.61620516,97.0,165.0,0.69921017,131.0,142.0,0.66189516,83.0,146.0,0.5311908,145.0,174.0,0.860324,80.0,185.0,0.6968891,155.0,206.0,0.85142446,91.0,210.0,0.76812637,103.0,70.0,0.829358,76.0,74.0,0.7824227,110.0,119.0,0.6070355,80.0,129.0,0.44847623,103.0,149.0,0.24684432,78.0,153.0,0.22946706
guy3_dog083.jpg,188.0,169.0,0.43816376,192.0,173.0,0.5472925,181.0,173.0,0.604894,203.0,165.0,0.6125047,177.0,164.0,0.45061153,218.0,146.0,0.5579882,170.0,142.0,0.5440556,219.0,184.0,0.7447248,153.0,174.0,0.82245994,207.0,216.0,0.77865547,143.0,207.0,0.8016854,225.0,71.0,0.8130363,199.0,70.0,0.8021427,228.0,120.0,0.4440039,206.0,120.0,0.36153102,228.0,158.0,0.40058494,212.0,150.0,0.24339926
guy3_dog083_flipped.jpg,108.0,172.0,0.3558643,112.0,175.0,0.5006588,104.0,175.0,0.5691197,118.0,166.0,0.39082998,94.0,167.0,0.5036965,129.0,141.0,0.66033685,81.0,147.0,0.48534864,145.0,176.0,0.69812745,80.0,185.0,0.77456784,155.0,205.0,0.7298318,87.0,206.0,0.35713,100.0,71.0,0.8228134,73.0,74.0,0.7010722,105.0,118.0,0.36801493,73.0,123.0,0.49652964,99.0,152.0,0.24092013,71.0,159.0,0.54430085
guy3_dog084.jpg,187.0,170.0,0.46085283,192.0,174.0,0.61286885,182.0,173.0,0.6457577,203.0,165.0,0.60719913,176.0,164.0,0.45600528,219.0,149.0,0.41829377,169.0,143.0,0.53283477,220.0,185.0,0.7827519,152.0,176.0,0.9068196,207.0,216.0,0.8189138,143.0,208.0,0.88298595,226.0,71.0,0.84782326,201.0,70.0,0.7671629,230.0,123.0,0.5828054,208.0,118.0,0.3767591,233.0,159.0,0.53182334,211.0,151.0,0.18764842
guy3_dog084_flipped.jpg,107.0,171.0,0.3544309,113.0,174.0,0.43756732,105.0,174.0,0.4747995,118.0,164.0,0.6250444,95.0,167.0,0.6394331,129.0,143.0,0.8338481,80.0,148.0,0.48723415,145.0,178.0,0.78793323,80.0,187.0,0.8197702,155.0,207.0,0.6073515,88.0,208.0,0.33086085,98.0,72.0,0.84205204,71.0,75.0,0.8270527,100.0,120.0,0.426836,71.0,126.0,0.5147378,94.0,156.0,0.24548993,68.0,162.0,0.59375346
guy3_dog085.jpg,187.0,171.0,0.43914452,191.0,175.0,0.5817947,182.0,175.0,0.6171468,202.0,166.0,0.63378614,176.0,166.0,0.6659805,218.0,150.0,0.50167894,169.0,143.0,0.4918688,218.0,187.0,0.7618989,151.0,177.0,0.91582066,206.0,219.0,0.65385765,144.0,208.0,0.8900695,227.0,69.0,0.8325418,202.0,68.0,0.82448447,234.0,123.0,0.60570455,210.0,120.0,0.49027112,235.0,163.0,0.5322554,229.0,159.0,0.48517624
guy3_dog085_flipped.jpg,109.0,173.0,0.40649766,114.0,176.0,0.44233525,106.0,177.0,0.44091952,119.0,165.0,0.60049313,96.0,168.0,0.5304357,129.0,143.0,0.79372776,80.0,149.0,0.53729755,144.0,176.0,0.7744386,80.0,188.0,0.8322453,156.0,208.0,0.4826507,90.0,211.0,0.34703827,95.0,71.0,0.83959365,69.0,73.0,0.7499569,99.0,121.0,0.46056592,68.0,125.0,0.71571517,92.0,154.0,0.16638505,65.0,162.0,0.5739316
guy3_dog086.jpg,187.0,171.0,0.40314057,191.0,175.0,0.5486048,181.0,175.0,0.5472693,201.0,166.0,0.56963605,176.0,166.0,0.60991454,217.0,149.0,0.4934967,170.0,143.0,0.41702634,218.0,186.0,0.78307796,152.0,177.0,0.8631555,206.0,218.0,0.6580059,142.0,208.0,0.7918384,226.0,71.0,0.7658913,201.0,71.0,0.7621968,235.0,122.0,0.6100935,210.0,119.0,0.43034053,237.0,163.0,0.48942485,232.0,161.0,0.48505887
guy3_dog086_flipped.jpg,109.0,173.0,0.33981863,115.0,175.0,0.50383204,107.0,177.0,0.54176617,121.0,164.0,0.5765596,98.0,168.0,0.64387256,129.0,144.0,0.696985,78.0,148.0,0.58741516,145.0,177.0,0.8923279,81.0,189.0,0.7217879,157.0,208.0,0.83158296,91.0,213.0,0.5362027,94.0,74.0,0.8249068,66.0,75.0,0.66914445,100.0,122.0,0.40169388,67.0,128.0,0.73078823,87.0,151.0,0.19847661,63.0,164.0,0.5835923
guy3_dog087.jpg,187.0,170.0,0.42566615,191.0,174.0,0.5135341,181.0,175.0,0.5712422,200.0,166.0,0.6503177,176.0,166.0,0.65872765,215.0,149.0,0.5830633,170.0,143.0,0.48769748,217.0,188.0,0.53015697,151.0,179.0,0.8224702,203.0,220.0,0.7429628,140.0,210.0,0.67641354,228.0,72.0,0.78151834,203.0,72.0,0.84145385,236.0,123.0,0.6785593,215.0,126.0,0.47048214,238.0,164.0,0.62411,233.0,161.0,0.500168
guy3_dog087_flipped.jpg,109.0,173.0,0.47625133,115.0,175.0,0.4608428,107.0,176.0,0.52170783,120.0,164.0,0.60999006,97.0,168.0,0.55215377,128.0,143.0,0.62622,78.0,147.0,0.48861325,145.0,178.0,0.88510525,81.0,189.0,0.74197537,158.0,209.0,0.7274738,89.0,209.0,0.4879264,93.0,74.0,0.86585325,65.0,76.0,0.83824015,95.0,120.0,0.46710518,64.0,126.0,0.6644471,85.0,147.0,0.12665206,61.0,164.0,0.6180502
guy3_dog088.jpg,187.0,171.0,0.43358725,191.0,175.0,0.5138269,181.0,175.0,0.5837077,201.0,166.0,0.5851525,176.0,166.0,0.67468697,216.0,150.0,0.5736982,172.0,142.0,0.6751871,217.0,189.0,0.8573978,151.0,177.0,0.8843719,202.0,221.0,0.81247735,140.0,208.0,0.8288984,230.0,72.0,0.91620404,204.0,71.0,0.84729105,237.0,123.0,0.8034587,215.0,122.0,0.49828184,240.0,165.0,0.53458023,233.0,161.0,0.535604
guy3_dog088_flipped.jpg,109.0,174.0,0.40872014,115.0,175.0,0.5764324,108.0,176.0,0.49038452,122.0,163.0,0.62014776,97.0,167.0,0.66018844,128.0,145.0,0.63785315,77.0,149.0,0.45515937,146.0,179.0,0.85102856,82.0,189.0,0.85228,161.0,210.0,0.46771258,91.0,211.0,0.3775744,92.0,73.0,0.8595722,65.0,75.0,0.7064732,93.0,118.0,0.5351376,62.0,127.0,0.64319867,84.0,143.0,0.12784764,60.0,164.0,0.69365203
guy3_dog089.jpg,186.0,172.0,0.44485664,190.0,176.0,0.52876633,181.0,176.0,0.5323919,200.0,167.0,0.6792326,176.0,166.0,0.6847008,216.0,151.0,0.6553482,170.0,143.0,0.483928,217.0,190.0,0.8936808,151.0,178.0,0.6994914,202.0,221.0,0.79705083,138.0,210.0,0.76673657,232.0,71.0,0.8360166,206.0,70.0,0.8349843,239.0,123.0,0.66356677,215.0,121.0,0.4997084,241.0,166.0,0.62568736,235.0,162.0,0.48160183
guy3_dog089_flipped.jpg,110.0,172.0,0.46371317,116.0,174.0,0.43298736,109.0,175.0,0.57300144,122.0,163.0,0.654524,98.0,168.0,0.7363809,128.0,144.0,0.705688,78.0,151.0,0.54906607,146.0,179.0,0.9313185,82.0,189.0,0.7111726,161.0,209.0,0.81703365,93.0,213.0,0.49094513,91.0,72.0,0.84180784,65.0,74.0,0.79818064,93.0,115.0,0.5464984,62.0,124.0,0.7343005,83.0,144.0,0.15307203,59.0,165.0,0.675493
guy3_dog090.jpg,186.0,172.0,0.40774366,189.0,176.0,0.57511395,180.0,175.0,0.43443,199.0,166.0,0.69725585,175.0,166.0,0.6867179,215.0,152.0,0.7238244,169.0,143.0,0.5202411,216.0,189.0,0.6179572,149.0,180.0,0.8973007,199.0,222.0,0.8176954,137.0,210.0,0.6723479,235.0,70.0,0.90511084,208.0,69.0,0.8610951,240.0,123.0,0.7452582,219.0,122.0,0.5162394,243.0,168.0,0.57276165,236.0,162.0,0.43551546
guy3_dog090_flipped.jpg,111.0,173.0,0.47273755,117.0,175.0,0.5855275,109.0,177.0,0.46909067,121.0,165.0,0.59466267,97.0,168.0,0.4842492,127.0,142.0,0.8269427,80.0,149.0,0.61174923,146.0,179.0,0.8464886,83.0,192.0,0.8437215,162.0,210.0,0.77026534,99.0,222.0,0.62487674,90.0,68.0,0.7973837,62.0,72.0,0.8006786,86.0,121.0,0.52855486,59.0,127.0,0.7666409,61.0,159.0,0.39093116,56.0,166.0,0.659359
guy3_dog091.jpg,185.0,171.0,0.36968452,189.0,175.0,0.5810765,180.0,175.0,0.4867136,199.0,165.0,0.63808674,174.0,166.0,0.64563906,215.0,149.0,0.6435505,169.0,142.0,0.5513234,215.0,190.0,0.74615383,149.0,179.0,0.8566694,198.0,222.0,0.8688206,136.0,210.0,0.6585117,235.0,71.0,0.90874195,207.0,69.0,0.8606764,240.0,125.0,0.74373066,215.0,123.0,0.5200159,245.0,166.0,0.6560035,237.0,163.0,0.45585257
guy3_dog091_flipped.jpg,113.0,173.0,0.48750046,118.0,175.0,0.59242237,110.0,176.0,0.4265594,123.0,164.0,0.6246666,99.0,168.0,0.608713,127.0,143.0,0.7027323,80.0,150.0,0.47570574,148.0,178.0,0.88646066,85.0,192.0,0.85834634,165.0,209.0,0.6169951,96.0,212.0,0.25945014,89.0,71.0,0.83861375,62.0,73.0,0.7580186,88.0,120.0,0.5731177,60.0,128.0,0.71316946,74.0,160.0,0.27318746,55.0,168.0,0.6149075
guy3_dog092.jpg,186.0,171.0,0.41546378,189.0,175.0,0.5927149,180.0,175.0,0.44322187,198.0,165.0,0.6182239,174.0,166.0,0.6000295,213.0,151.0,0.68948454,168.0,142.0,0.5867872,212.0,189.0,0.90965307,147.0,179.0,0.8759638,195.0,222.0,0.7333804,134.0,210.0,0.6733928,235.0,70.0,0.8643918,207.0,70.0,0.86190724,241.0,123.0,0.7634504,219.0,122.0,0.42405635,245.0,169.0,0.6511278,232.0,166.0,0.34667784
guy3_dog092_flipped.jpg,113.0,176.0,0.5081073,117.0,178.0,0.55551153,111.0,179.0,0.5199277,122.0,166.0,0.54689217,99.0,169.0,0.5648962,127.0,143.0,0.651992,80.0,149.0,0.45334145,149.0,180.0,0.8430784,85.0,191.0,0.8027325,165.0,210.0,0.63962436,97.0,212.0,0.2891987,89.0,72.0,0.7579869,61.0,75.0,0.8740684,85.0,122.0,0.59729475,58.0,129.0,0.7401556,63.0,165.0,0.39365417,54.0,170.0,0.67389005
guy3_dog093.jpg,185.0,171.0,0.36183336,188.0,175.0,0.5784084,180.0,175.0,0.45313925,197.0,165.0,0.58740073,174.0,166.0,0.60998905,213.0,153.0,0.50458556,168.0,142.0,0.6207826,212.0,190.0,0.7089392,146.0,178.0,0.86517465,193.0,224.0,0.794877,133.0,209.0,0.82254565,237.0,69.0,0.8788707,207.0,69.0,0.71890664,243.0,127.0,0.5749546,220.0,124.0,0.49022037,246.0,170.0,0.5540473,236.0,164.0,0.5405229
guy3_dog093_flipped.jpg,115.0,175.0,0.4795401,121.0,178.0,0.5906278,112.0,179.0,0.51272005,125.0,166.0,0.6611359,100.0,169.0,0.5193522,130.0,144.0,0.64402103,81.0,149.0,0.60416645,152.0,178.0,0.84139156,86.0,191.0,0.76844597,167.0,209.0,0.629264,98.0,209.0,0.28071734,89.0,74.0,0.917707,61.0,75.0,0.8708975,88.0,123.0,0.59003264,56.0,131.0,0.8587458,68.0,165.0,0.39976737,52.0,171.0,0.737286
guy3_dog094.jpg,185.0,171.0,0.3518668,188.0,175.0,0.576876,178.0,175.0,0.50399435,196.0,166.0,0.56056476,173.0,166.0,0.51082796,211.0,153.0,0.5470054,166.0,142.0,0.6042093,211.0,191.0,0.7476449,145.0,179.0,0.859972,192.0,224.0,0.7911502,131.0,209.0,0.71268976,237.0,69.0,0.82813025,208.0,69.0,0.72149193,243.0,126.0,0.61074007,221.0,123.0,0.50248575,247.0,169.0,0.5852977,238.0,165.0,0.55195713
guy3_dog094_flipped.jpg,115.0,177.0,0.42443302,120.0,180.0,0.4753069,113.0,180.0,0.46439192,126.0,166.0,0.60406893,100.0,169.0,0.578146,130.0,143.0,0.6515167,83.0,149.0,0.6134544,153.0,178.0,0.8999034,88.0,192.0,0.82636106,167.0,209.0,0.610705,99.0,210.0,0.19982201,87.0,72.0,0.8848971,62.0,74.0,0.7812884,87.0,123.0,0.5231756,56.0,132.0,0.8353478,63.0,166.0,0.45633015,51.0,171.0,0.69591475
guy3_dog095.jpg,183.0,170.0,0.4336827,186.0,175.0,0.49696335,176.0,174.0,0.5342378,195.0,166.0,0.67148983,170.0,166.0,0.6499699,211.0,154.0,0.5363474,165.0,143.0,0.69017696,209.0,192.0,0.88857704,144.0,178.0,0.8924097,188.0,224.0,0.8556738,129.0,210.0,0.6761857,237.0,69.0,0.7429825,209.0,69.0,0.74113816,244.0,127.0,0.78404987,223.0,125.0,0.43446535,249.0,169.0,0.64451,238.0,166.0,0.5340186
guy3_dog095_flipped.jpg,116.0,179.0,0.3990931,122.0,180.0,0.51035136,113.0,181.0,0.61069894,127.0,167.0,0.5522922,102.0,170.0,0.6871505,132.0,144.0,0.831249,84.0,149.0,0.5950083,155.0,177.0,0.80979407,89.0,190.0,0.80355525,170.0,208.0,0.820824,100.0,211.0,0.22486952,86.0,73.0,0.8911344,62.0,74.0,0.776368,85.0,124.0,0.5405326,55.0,131.0,0.83604205,62.0,169.0,0.5566767,49.0,173.0,0.67315733
guy3_dog096.jpg,182.0,170.0,0.38867962,184.0,175.0,0.5168762,175.0,175.0,0.46938363,192.0,166.0,0.67143834,169.0,165.0,0.6242962,209.0,150.0,0.7021133,164.0,142.0,0.7591524,208.0,190.0,0.7865796,143.0,177.0,0.9024726,186.0,222.0,0.841794,127.0,211.0,0.59038174,237.0,70.0,0.8632324,209.0,69.0,0.7906867,244.0,130.0,0.63345575,225.0,126.0,0.45775035,250.0,170.0,0.55039746,237.0,167.0,0.502316
guy3_dog096_flipped.jpg,118.0,178.0,0.38761362,124.0,180.0,0.57267207,116.0,181.0,0.38554403,128.0,168.0,0.5328957,104.0,171.0,0.4789339,134.0,144.0,0.5684807,85.0,148.0,0.6654195,158.0,180.0,0.8159472,91.0,190.0,0.7071486,173.0,208.0,0.7398168,103.0,208.0,0.14579958,89.0,71.0,0.91415435,62.0,74.0,0.8811692,84.0,125.0,0.59588724,54.0,131.0,0.7443861,61.0,167.0,0.57892597,48.0,172.0,0.75382614
guy3_dog097.jpg,181.0,170.0,0.3338157,183.0,175.0,0.54024464,172.0,174.0,0.57508445,191.0,167.0,0.6910998,168.0,166.0,0.4987182,207.0,150.0,0.71549654,163.0,141.0,0.60455644,205.0,191.0,0.81978106,141.0,177.0,0.8531389,184.0,222.0,0.91295886,125.0,210.0,0.81237006,236.0,71.0,0.75956213,211.0,70.0,0.8310673,244.0,131.0,0.73862386,227.0,130.0,0.5301615,249.0,170.0,0.5481387,238.0,167.0,0.6034197
guy3_dog097_flipped.jpg,117.0,179.0,0.36914763,124.0,180.0,0.5279408,115.0,182.0,0.5898579,128.0,167.0,0.5428137,104.0,171.0,0.6156492,134.0,143.0,0.6796793,84.0,147.0,0.4513154,159.0,179.0,0.65201163,92.0,191.0,0.81973195,175.0,209.0,0.69274473,105.0,211.0,0.21501997,87.0,69.0,0.9311112,61.0,73.0,0.85134375,81.0,126.0,0.60394377,54.0,132.0,0.7624307,61.0,167.0,0.5357822,47.0,172.0,0.65569687
guy3_dog098.jpg,178.0,171.0,0.37290102,181.0,177.0,0.43466136,171.0,176.0,0.4275095,189.0,168.0,0.7013716,165.0,166.0,0.66522044,205.0,152.0,0.78773403,162.0,141.0,0.67291903,204.0,192.0,0.8381732,139.0,178.0,0.6808635,180.0,223.0,0.74570006,122.0,209.0,0.7810988,236.0,71.0,0.73270893,209.0,70.0,0.7543575,244.0,132.0,0.83697,224.0,129.0,0.5760119,249.0,172.0,0.55571383,238.0,168.0,0.63470596
guy3_dog098_flipped.jpg,119.0,176.0,0.37738436,125.0,179.0,0.56337523,117.0,180.0,0.54545593,130.0,167.0,0.62816554,107.0,169.0,0.55877703,136.0,142.0,0.79778236,88.0,147.0,0.6215872,160.0,178.0,0.8576813,94.0,191.0,0.8320759,175.0,209.0,0.72607917,107.0,213.0,0.35662422,87.0,68.0,0.93884957,61.0,74.0,0.8966896,80.0,129.0,0.54509825,54.0,133.0,0.88874555,60.0,167.0,0.5769819,48.0,174.0,0.7196768
guy3_dog099.jpg,179.0,173.0,0.28830665,181.0,176.0,0.4732379,170.0,176.0,0.48449725,188.0,167.0,0.6896554,162.0,165.0,0.6707424,204.0,148.0,0.6810681,159.0,141.0,0.7864015,202.0,191.0,0.78149855,138.0,176.0,0.7459794,184.0,211.0,0.47826177,120.0,209.0,0.603261,233.0,71.0,0.8894297,210.0,68.0,0.91601706,243.0,130.0,0.83646476,222.0,129.0,0.57117635,249.0,173.0,0.5197564,236.0,172.0,0.42945305
guy3_dog099_flipped.jpg,121.0,175.0,0.41780728,127.0,178.0,0.39163008,120.0,178.0,0.4437743,132.0,166.0,0.6182676,111.0,167.0,0.7190505,139.0,141.0,0.6312793,92.0,148.0,0.612569,163.0,179.0,0.7338592,96.0,191.0,0.85767204,179.0,209.0,0.82276785,110.0,214.0,0.176705,88.0,67.0,0.8564186,62.0,72.0,0.83052903,82.0,129.0,0.72307247,54.0,133.0,0.86508054,61.0,168.0,0.6136606,47.0,174.0,0.6290652
guy3_dog100.jpg,176.0,170.0,0.3833993,178.0,174.0,0.40921712,168.0,174.0,0.39139152,185.0,165.0,0.6068239,160.0,164.0,0.667015,202.0,148.0,0.61575216,157.0,141.0,0.7441558,199.0,190.0,0.8224735,135.0,177.0,0.84438896,184.0,209.0,0.5571745,118.0,209.0,0.7888061,234.0,71.0,0.8725287,209.0,68.0,0.8399178,242.0,131.0,0.82698953,221.0,129.0,0.65852904,249.0,173.0,0.60283077,240.0,172.0,0.5713525
guy3_dog100_flipped.jpg,121.0,170.0,0.44274828,127.0,173.0,0.41435593,120.0,173.0,0.5972308,133.0,163.0,0.5650243,113.0,163.0,0.70471877,142.0,138.0,0.75822514,94.0,145.0,0.5944239,164.0,178.0,0.8142495,99.0,189.0,0.7556051,182.0,209.0,0.78897536,113.0,209.0,0.13709435,91.0,68.0,0.8067315,63.0,72.0,0.7517165,78.0,132.0,0.62157106,55.0,133.0,0.84862274,60.0,168.0,0.5953767,46.0,173.0,0.66290444
guy3_dog101.jpg,168.0,170.0,0.33398753,170.0,173.0,0.47375858,162.0,173.0,0.38764536,179.0,161.0,0.65467894,155.0,160.0,0.46680412,200.0,144.0,0.67236906,153.0,137.0,0.7877165,198.0,189.0,0.879598,131.0,178.0,0.7646141,185.0,205.0,0.24750188,119.0,204.0,0.48117647,234.0,70.0,0.87415963,210.0,67.0,0.83494437,242.0,132.0,0.7987319,220.0,130.0,0.65984285,250.0,174.0,0.43825123,240.0,173.0,0.5707084
guy3_dog102.jpg,166.0,166.0,0.3169658,167.0,169.0,0.47841415,159.0,170.0,0.3547619,177.0,158.0,0.5430821,152.0,158.0,0.39355198,195.0,142.0,0.7520145,150.0,135.0,0.72147727,195.0,188.0,0.8621913,129.0,174.0,0.456757,180.0,207.0,0.14001763,115.0,203.0,0.5489902,232.0,70.0,0.86916566,208.0,67.0,0.80084634,240.0,131.0,0.6324181,215.0,128.0,0.5830714,250.0,171.0,0.6197772,239.0,171.0,0.42592132
guy3_dog103.jpg,164.0,168.0,0.1816361,163.0,170.0,0.32736218,157.0,171.0,0.16737178,170.0,158.0,0.54609275,149.0,158.0,0.3062181,194.0,138.0,0.8261033,148.0,133.0,0.6170539,192.0,186.0,0.74532396,128.0,178.0,0.587031,187.0,196.0,0.15834102,118.0,197.0,0.1725761,231.0,69.0,0.8424883,206.0,67.0,0.67640144,238.0,131.0,0.9037231,218.0,130.0,0.69180846,253.0,172.0,0.677338,240.0,172.0,0.4861947
guy3_dog104.jpg,160.0,166.0,0.2716472,159.0,168.0,0.44394594,154.0,168.0,0.32242632,165.0,153.0,0.62837315,146.0,153.0,0.50160426,189.0,139.0,0.71639395,147.0,129.0,0.69188094,188.0,186.0,0.83855826,127.0,174.0,0.5216554,184.0,191.0,0.1387465,116.0,193.0,0.16673326,228.0,70.0,0.82434475,203.0,67.0,0.67930686,237.0,132.0,0.7875402,215.0,129.0,0.7303135,252.0,172.0,0.5905806,240.0,169.0,0.6039372
guy3_dog105.jpg,154.0,168.0,0.3816938,153.0,166.0,0.41412678,149.0,167.0,0.47353697,158.0,149.0,0.5444546,143.0,151.0,0.47310525,185.0,136.0,0.6078331,143.0,128.0,0.7509902,186.0,184.0,0.76372856,126.0,173.0,0.46789634,179.0,192.0,0.15201911,112.0,195.0,0.27538168,226.0,70.0,0.86803305,200.0,66.0,0.7384273,236.0,133.0,0.8533684,214.0,131.0,0.59699565,251.0,172.0,0.7744023,241.0,168.0,0.6636013
guy3_dog106_flipped.jpg,147.0,161.0,0.5315326,153.0,161.0,0.65880036,149.0,161.0,0.5000863,161.0,146.0,0.58211994,146.0,144.0,0.6918921,162.0,125.0,0.7391827,120.0,129.0,0.564367,177.0,169.0,0.782158,119.0,182.0,0.904727,196.0,208.0,0.7772136,135.0,212.0,0.1650916,101.0,72.0,0.7274572,75.0,75.0,0.863755,84.0,135.0,0.6286336,65.0,137.0,0.88758624,61.0,168.0,0.55055934,49.0,174.0,0.8276638
guy3_dog107.jpg,139.0,164.0,0.43930864,139.0,162.0,0.5205036,134.0,162.0,0.4501043,147.0,145.0,0.66627246,131.0,146.0,0.5697694,176.0,132.0,0.7583024,131.0,124.0,0.67913675,177.0,182.0,0.75760734,118.0,169.0,0.59828377,160.0,210.0,0.12128857,103.0,204.0,0.7139663,222.0,67.0,0.7846546,195.0,64.0,0.7735331,231.0,134.0,0.8723098,211.0,132.0,0.7716453,251.0,171.0,0.8114949,239.0,169.0,0.6867136
guy3_dog107_flipped.jpg,157.0,161.0,0.58068573,162.0,160.0,0.6363434,158.0,160.0,0.7487078,168.0,143.0,0.63651186,153.0,143.0,0.7243327,168.0,122.0,0.7802885,125.0,127.0,0.6585466,182.0,170.0,0.8498117,124.0,182.0,0.9072578,199.0,209.0,0.8142172,143.0,219.0,0.43279082,106.0,78.0,0.5200539,78.0,79.0,0.884543,87.0,137.0,0.6504724,66.0,136.0,0.6377131,58.0,171.0,0.6897519,49.0,177.0,0.72388667
guy3_dog108_flipped.jpg,164.0,161.0,0.6921793,170.0,160.0,0.7100817,166.0,159.0,0.6430947,174.0,141.0,0.6265554,160.0,142.0,0.73105264,173.0,121.0,0.67118824,130.0,124.0,0.66153646,185.0,170.0,0.8686124,128.0,180.0,0.8971344,201.0,210.0,0.87749356,143.0,215.0,0.20620638,112.0,76.0,0.8156888,83.0,78.0,0.64333695,88.0,136.0,0.7987534,66.0,136.0,0.8486677,58.0,170.0,0.6112621,49.0,174.0,0.76335716
guy3_dog109.jpg,125.0,161.0,0.6418437,123.0,158.0,0.56442946,120.0,158.0,0.5698372,130.0,140.0,0.7142667,117.0,142.0,0.41319764,163.0,124.0,0.7351462,118.0,121.0,0.4674208,167.0,178.0,0.86480695,110.0,165.0,0.70767444,146.0,221.0,0.8199204,96.0,208.0,0.90682256,208.0,73.0,0.68311703,183.0,69.0,0.8290294,227.0,135.0,0.6015265,207.0,137.0,0.6826863,248.0,171.0,0.7461704,237.0,172.0,0.6202035
guy3_dog109_flipped.jpg,170.0,160.0,0.68588215,177.0,158.0,0.75114083,173.0,157.0,0.7868664,180.0,141.0,0.59159076,169.0,140.0,0.80452275,179.0,119.0,0.7353654,137.0,124.0,0.70932645,187.0,167.0,0.78900385,132.0,179.0,0.81554806,202.0,208.0,0.8696217,151.0,218.0,0.5385749,115.0,77.0,0.806896,88.0,77.0,0.8415433,93.0,137.0,0.7698852,69.0,137.0,0.8264028,60.0,168.0,0.62956,50.0,172.0,0.8328285
guy3_dog110.jpg,120.0,159.0,0.5371261,118.0,157.0,0.7351018,114.0,157.0,0.4954399,124.0,139.0,0.64541876,112.0,140.0,0.5431521,156.0,122.0,0.6088321,114.0,118.0,0.5314102,163.0,176.0,0.81876874,108.0,166.0,0.53395045,143.0,221.0,0.7175569,94.0,207.0,0.8437964,204.0,74.0,0.7359585,178.0,73.0,0.7469312,225.0,136.0,0.73367834,204.0,138.0,0.64178836,248.0,171.0,0.76796925,236.0,171.0,0.5241576
guy3_dog110_flipped.jpg,176.0,157.0,0.71783483,182.0,156.0,0.6417645,179.0,155.0,0.69030327,184.0,138.0,0.6069057,173.0,138.0,0.5962626,182.0,116.0,0.7704704,141.0,122.0,0.60530937,191.0,165.0,0.85096705,137.0,176.0,0.9035969,205.0,208.0,0.80093217,156.0,221.0,0.8219124,116.0,78.0,0.6509726,90.0,79.0,0.7893969,94.0,138.0,0.7650107,73.0,135.0,0.7313121,59.0,171.0,0.7166616,51.0,173.0,0.74180645
guy3_dog111.jpg,112.0,157.0,0.42769265,111.0,155.0,0.5070794,108.0,155.0,0.679474,118.0,137.0,0.73648643,107.0,139.0,0.44488242,151.0,123.0,0.6865176,109.0,118.0,0.570702,157.0,176.0,0.788291,104.0,167.0,0.69598424,139.0,221.0,0.6276372,94.0,207.0,0.63090986,201.0,76.0,0.67422,175.0,73.0,0.7635218,220.0,139.0,0.7406176,202.0,140.0,0.5641929,246.0,173.0,0.7433143,236.0,173.0,0.6075168
guy3_dog111_flipped.jpg,182.0,156.0,0.7199172,189.0,154.0,0.68606305,185.0,153.0,0.6055341,190.0,138.0,0.66910315,180.0,137.0,0.8219508,186.0,117.0,0.7769501,147.0,122.0,0.6651468,193.0,165.0,0.81127816,140.0,176.0,0.7755708,207.0,207.0,0.837057,157.0,219.0,0.7592634,121.0,76.0,0.73564196,94.0,78.0,0.7455982,97.0,140.0,0.71220267,78.0,139.0,0.8294871,61.0,169.0,0.7264484,52.0,174.0,0.7332442
guy3_dog112.jpg,108.0,155.0,0.4832373,105.0,153.0,0.65140927,103.0,154.0,0.5994437,113.0,135.0,0.67801803,103.0,136.0,0.57957035,147.0,123.0,0.7423624,106.0,117.0,0.7056621,154.0,175.0,0.8449433,102.0,169.0,0.75857836,137.0,221.0,0.7921765,90.0,207.0,0.8974094,200.0,76.0,0.744671,174.0,72.0,0.7797502,219.0,140.0,0.7476078,200.0,141.0,0.74603766,245.0,176.0,0.6455704,236.0,172.0,0.68605006
guy3_dog112_flipped.jpg,188.0,154.0,0.5864341,194.0,151.0,0.7325398,190.0,150.0,0.7536696,195.0,135.0,0.61672485,184.0,135.0,0.7952309,189.0,116.0,0.74294204,151.0,120.0,0.60254383,196.0,169.0,0.7261772,145.0,175.0,0.6585678,208.0,206.0,0.771392,161.0,220.0,0.77661276,123.0,77.0,0.6314658,96.0,80.0,0.7758283,99.0,142.0,0.54060596,80.0,142.0,0.82663643,62.0,170.0,0.5939735,55.0,173.0,0.7334661
guy3_dog113.jpg,102.0,154.0,0.37642685,98.0,151.0,0.5817002,96.0,153.0,0.56951153,107.0,133.0,0.56739867,97.0,136.0,0.35885108,143.0,122.0,0.52071214,103.0,116.0,0.44061396,149.0,174.0,0.65216094,99.0,170.0,0.47071236,136.0,221.0,0.49428937,90.0,207.0,0.740685,198.0,80.0,0.6869754,172.0,75.0,0.6810027,213.0,144.0,0.57605183,194.0,144.0,0.49319094,243.0,175.0,0.6436732,241.0,172.0,0.4086572
guy3_dog113_flipped.jpg,194.0,154.0,0.6164458,200.0,152.0,0.61312383,197.0,150.0,0.64579296,201.0,133.0,0.49220636,190.0,133.0,0.80406374,193.0,117.0,0.81438494,155.0,122.0,0.5405925,198.0,167.0,0.8309579,149.0,175.0,0.5983028,210.0,206.0,0.8067441,164.0,219.0,0.8163224,125.0,80.0,0.544673,99.0,82.0,0.7691357,101.0,146.0,0.60376215,83.0,146.0,0.7984224,62.0,169.0,0.5729339,55.0,173.0,0.74518585
guy3_dog114.jpg,97.0,153.0,0.5085641,94.0,150.0,0.5495551,92.0,151.0,0.71698517,102.0,131.0,0.6620659,93.0,133.0,0.43045315,139.0,122.0,0.68208134,99.0,115.0,0.7523744,146.0,174.0,0.8630248,97.0,170.0,0.75322556,132.0,220.0,0.7914436,89.0,206.0,0.74756944,197.0,84.0,0.8793551,171.0,81.0,0.6194779,213.0,148.0,0.5787038,192.0,149.0,0.73010147,244.0,174.0,0.6412155,235.0,171.0,0.3358153
guy3_dog114_flipped.jpg,199.0,152.0,0.739896,204.0,150.0,0.6987866,201.0,148.0,0.54774606,204.0,132.0,0.73516136,195.0,131.0,0.7792337,196.0,118.0,0.83987594,158.0,120.0,0.5908663,200.0,167.0,0.76435,153.0,175.0,0.6742446,211.0,206.0,0.8674637,166.0,219.0,0.89515734,125.0,84.0,0.5227405,102.0,85.0,0.60708207,105.0,150.0,0.5937468,86.0,150.0,0.762214,68.0,166.0,0.38765103,57.0,172.0,0.851995
