guy3_tree085.jpg,173.0,38.0,0.65040946,179.0,33.0,0.85109365,169.0,33.0,0.7072733,191.0,35.0,0.68581474,167.0,35.0,0.4028003,202.0,71.0,0.7054665,158.0,70.0,0.79554796,222.0,105.0,0.6989526,130.0,101.0,0.61022586,185.0,108.0,0.53774565,153.0,96.0,0.427768,183.0,146.0,0.7428924,155.0,139.0,0.7460503,178.0,206.0,0.7025465,106.0,157.0,0.5476633,172.0,263.0,0.7165371,158.0,170.0,0.6560669
guy3_tree085_flipped.jpg,127.0,37.0,0.7973281,130.0,32.0,0.75602376,120.0,32.0,0.809217,131.0,34.0,0.59898406,109.0,36.0,0.8462517,143.0,68.0,0.93062544,96.0,70.0,0.8406319,171.0,101.0,0.8496374,75.0,105.0,0.85351586,146.0,93.0,0.5666033,111.0,108.0,0.5320367,142.0,138.0,0.8783767,115.0,145.0,0.8483491,195.0,155.0,0.7482909,123.0,208.0,0.6439355,141.0,171.0,0.660989,127.0,264.0,0.7405232
guy3_tree086.jpg,173.0,36.0,0.6056731,179.0,32.0,0.6975869,169.0,31.0,0.6135045,190.0,35.0,0.68122923,167.0,35.0,0.24674702,202.0,70.0,0.70210505,157.0,69.0,0.8261528,219.0,104.0,0.6839364,131.0,100.0,0.47576058,183.0,102.0,0.43525183,155.0,92.0,0.402292,182.0,146.0,0.7190671,154.0,138.0,0.65755534,178.0,205.0,0.70922244,106.0,156.0,0.5235868,172.0,265.0,0.67987096,157.0,169.0,0.6300404
guy3_tree086_flipped.jpg,128.0,37.0,0.68284416,131.0,31.0,0.6663449,121.0,31.0,0.69869614,130.0,33.0,0.762213,109.0,35.0,0.8078532,144.0,68.0,0.8485005,96.0,69.0,0.95013905,169.0,100.0,0.71038675,78.0,103.0,0.91870177,144.0,89.0,0.5929583,116.0,100.0,0.55275506,142.0,138.0,0.87642884,116.0,146.0,0.85744584,196.0,155.0,0.7337635,123.0,209.0,0.87431693,144.0,169.0,0.6444289,127.0,263.0,0.76026356
guy3_tree087.jpg,172.0,36.0,0.5606636,178.0,31.0,0.88234115,169.0,31.0,0.7685238,190.0,35.0,0.826727,168.0,35.0,0.42956936,203.0,70.0,0.83664036,156.0,69.0,0.7443553,216.0,104.0,0.8611611,131.0,102.0,0.76925635,182.0,97.0,0.5013327,157.0,90.0,0.5023047,181.0,145.0,0.79815584,154.0,138.0,0.81751525,177.0,206.0,0.77373356,106.0,156.0,0.554681,171.0,265.0,0.786741,156.0,170.0,0.6840236
guy3_tree087_flipped.jpg,128.0,36.0,0.78683984,131.0,30.0,0.85911185,121.0,30.0,0.8695917,130.0,33.0,0.73123467,109.0,35.0,0.91204786,145.0,68.0,0.88677335,94.0,69.0,0.9156395,170.0,102.0,0.9144763,81.0,103.0,0.9109786,143.0,87.0,0.47424933,119.0,96.0,0.64420867,142.0,137.0,0.90905714,115.0,145.0,0.90902793,194.0,153.0,0.8650285,123.0,207.0,0.84956455,142.0,169.0,0.7084509,128.0,263.0,0.7296672
guy3_tree088.jpg,171.0,34.0,0.54059994,177.0,30.0,0.6018498,169.0,30.0,0.4647714,190.0,33.0,0.60219985,167.0,33.0,0.25362962,202.0,68.0,0.68794066,156.0,68.0,0.789956,213.0,100.0,0.7604408,132.0,100.0,0.7723574,176.0,90.0,0.6305848,159.0,86.0,0.3680145,181.0,143.0,0.71999806,154.0,136.0,0.6939769,176.0,205.0,0.70208097,105.0,155.0,0.5841058,171.0,263.0,0.72630847,155.0,169.0,0.69366914
guy3_tree088_flipped.jpg,129.0,34.0,0.7206069,131.0,30.0,0.8520647,122.0,29.0,0.86171186,131.0,32.0,0.7422961,110.0,34.0,0.91035545,145.0,68.0,0.8679198,95.0,68.0,0.93319005,170.0,100.0,0.9085841,85.0,103.0,0.6868489,144.0,84.0,0.52944404,121.0,91.0,0.79403114,143.0,135.0,0.9151335,116.0,143.0,0.9145421,197.0,153.0,0.8250904,125.0,206.0,0.65690917,143.0,167.0,0.75970924,128.0,260.0,0.67070305
guy3_tree089.jpg,170.0,33.0,0.7123139,176.0,28.0,0.55127656,167.0,28.0,0.50551933,190.0,33.0,0.6938269,168.0,31.0,0.44665742,202.0,68.0,0.85426694,156.0,66.0,0.7271537,210.0,99.0,0.52214587,131.0,100.0,0.5838523,174.0,86.0,0.5290059,158.0,84.0,0.52396834,179.0,143.0,0.63323694,154.0,135.0,0.7911662,177.0,206.0,0.69634414,104.0,155.0,0.54293346,170.0,265.0,0.8262956,155.0,168.0,0.6727295
guy3_tree089_flipped.jpg,129.0,34.0,0.54213035,132.0,29.0,0.8700416,122.0,29.0,0.8839344,131.0,31.0,0.8179951,109.0,33.0,0.91436243,145.0,67.0,0.85175866,96.0,67.0,0.94850737,170.0,102.0,0.68887264,87.0,101.0,0.9032507,142.0,83.0,0.72058797,125.0,87.0,0.6193096,142.0,136.0,0.90492296,116.0,143.0,0.91452444,196.0,152.0,0.88910997,123.0,207.0,0.783136,145.0,168.0,0.746984,128.0,259.0,0.62806106
guy3_tree090.jpg,169.0,33.0,0.47573927,176.0,27.0,0.48233876,167.0,28.0,0.48629266,189.0,32.0,0.63272035,168.0,31.0,0.39310566,201.0,67.0,0.62399787,156.0,64.0,0.8020259,208.0,97.0,0.58816504,132.0,99.0,0.63841146,173.0,83.0,0.46725377,157.0,81.0,0.60918176,179.0,143.0,0.6287912,154.0,135.0,0.7766355,176.0,206.0,0.66520005,106.0,154.0,0.57288635,171.0,264.0,0.6981458,154.0,167.0,0.65246457
guy3_tree090_flipped.jpg,130.0,32.0,0.59822375,132.0,27.0,0.6850169,123.0,27.0,0.70024025,130.0,30.0,0.7485073,110.0,32.0,0.84218454,145.0,65.0,0.8478769,96.0,66.0,0.9538666,169.0,100.0,0.7999525,90.0,99.0,0.8954007,143.0,81.0,0.7236273,126.0,85.0,0.66899735,143.0,135.0,0.90310943,117.0,142.0,0.86981046,194.0,153.0,0.91757977,124.0,206.0,0.84679246,145.0,168.0,0.65012103,128.0,263.0,0.6104148
guy3_tree091.jpg,169.0,31.0,0.68564516,175.0,26.0,0.5380175,166.0,26.0,0.46951512,189.0,31.0,0.7520089,168.0,29.0,0.38312352,201.0,65.0,0.6124706,156.0,64.0,0.72489536,206.0,98.0,0.5386571,131.0,98.0,0.70925146,171.0,82.0,0.6334974,157.0,79.0,0.54695535,178.0,142.0,0.663514,154.0,134.0,0.8224492,175.0,204.0,0.7249918,105.0,153.0,0.6091168,170.0,264.0,0.7497284,154.0,167.0,0.6434854
guy3_tree091_flipped.jpg,131.0,31.0,0.653237,133.0,26.0,0.7674159,124.0,26.0,0.8433571,131.0,28.0,0.7684941,110.0,30.0,0.7736687,146.0,64.0,0.8570844,97.0,65.0,0.9589771,170.0,99.0,0.77856934,91.0,99.0,0.91260207,147.0,80.0,0.6547767,128.0,83.0,0.59074795,143.0,134.0,0.85554695,118.0,141.0,0.8447963,196.0,152.0,0.846712,126.0,207.0,0.73813194,146.0,167.0,0.65801203,129.0,264.0,0.68646926
guy3_tree092.jpg,167.0,31.0,0.6261737,174.0,26.0,0.39832467,165.0,25.0,0.46431863,188.0,30.0,0.5832798,166.0,29.0,0.4972575,200.0,64.0,0.67306066,154.0,63.0,0.6771892,205.0,97.0,0.63669837,131.0,97.0,0.71388054,170.0,81.0,0.5817962,156.0,78.0,0.6441462,177.0,141.0,0.6976342,152.0,134.0,0.8408561,174.0,205.0,0.76566064,104.0,154.0,0.7327187,169.0,265.0,0.74561536,154.0,167.0,0.77319133
guy3_tree092_flipped.jpg,131.0,31.0,0.79846084,134.0,26.0,0.83083093,124.0,25.0,0.86367196,131.0,28.0,0.510635,111.0,29.0,0.8893073,145.0,62.0,0.8207222,97.0,64.0,0.883687,169.0,97.0,0.8028412,92.0,97.0,0.9170172,144.0,78.0,0.72256726,129.0,82.0,0.59524393,143.0,133.0,0.85270303,118.0,139.0,0.84454966,195.0,151.0,0.7887998,125.0,206.0,0.8405236,145.0,167.0,0.72034645,130.0,264.0,0.7454692
guy3_tree093.jpg,167.0,30.0,0.82465625,174.0,25.0,0.7874117,164.0,25.0,0.5696339,188.0,30.0,0.83022046,167.0,28.0,0.64713275,201.0,63.0,0.8302089,154.0,60.0,0.8887714,203.0,97.0,0.85735935,131.0,96.0,0.6516474,168.0,82.0,0.6976584,155.0,79.0,0.5147043,178.0,139.0,0.8038162,152.0,133.0,0.90355253,174.0,204.0,0.7839725,104.0,153.0,0.7038964,169.0,267.0,0.7244786,153.0,166.0,0.734758
guy3_tree093_flipped.jpg,133.0,30.0,0.7379694,134.0,25.0,0.7748426,126.0,25.0,0.80784094,131.0,28.0,0.7231891,112.0,30.0,0.8665676,145.0,60.0,0.85590327,98.0,65.0,0.8873218,170.0,98.0,0.7103129,94.0,98.0,0.6812036,145.0,78.0,0.6548209,131.0,82.0,0.6347163,144.0,132.0,0.8558773,119.0,139.0,0.906202,195.0,150.0,0.62399167,125.0,207.0,0.9106735,146.0,167.0,0.73386693,130.0,264.0,0.73859394
guy3_tree094.jpg,165.0,29.0,0.5835385,172.0,23.0,0.7949829,164.0,23.0,0.66133535,187.0,28.0,0.51945215,167.0,26.0,0.62010115,200.0,63.0,0.66295743,153.0,61.0,0.7922802,201.0,95.0,0.74105906,129.0,96.0,0.7370835,166.0,79.0,0.6544245,152.0,77.0,0.69429576,177.0,138.0,0.7271931,151.0,132.0,0.86494374,173.0,203.0,0.7957972,104.0,152.0,0.6216742,167.0,263.0,0.76554394,152.0,165.0,0.7873101
guy3_tree094_flipped.jpg,134.0,29.0,0.725551,135.0,24.0,0.85309976,127.0,24.0,0.9033693,131.0,27.0,0.73059124,113.0,29.0,0.9035038,146.0,60.0,0.75359184,98.0,63.0,0.9103234,171.0,96.0,0.84935963,95.0,98.0,0.7937975,147.0,77.0,0.7342594,132.0,81.0,0.6150871,145.0,131.0,0.84043115,120.0,138.0,0.902429,196.0,151.0,0.876357,127.0,205.0,0.7892896,146.0,167.0,0.7049157,131.0,262.0,0.8505576
guy3_tree095.jpg,165.0,29.0,0.7355073,172.0,23.0,0.68247944,164.0,23.0,0.7418441,186.0,28.0,0.69828767,168.0,26.0,0.6427723,199.0,62.0,0.8178493,153.0,59.0,0.8355485,202.0,94.0,0.65966654,129.0,98.0,0.60222656,165.0,80.0,0.67419374,151.0,77.0,0.68636554,177.0,137.0,0.8444629,150.0,132.0,0.75076985,172.0,202.0,0.6019376,104.0,151.0,0.7448962,166.0,263.0,0.65886676,152.0,165.0,0.7968098
guy3_tree095_flipped.jpg,134.0,29.0,0.67699814,136.0,24.0,0.692968,128.0,23.0,0.6219013,132.0,26.0,0.7894354,114.0,27.0,0.7929721,146.0,61.0,0.7137653,99.0,62.0,0.9463645,170.0,97.0,0.70305145,97.0,95.0,0.9209413,147.0,77.0,0.79244196,133.0,80.0,0.6253141,146.0,131.0,0.8924205,121.0,137.0,0.87964505,197.0,151.0,0.8455658,127.0,206.0,0.8341749,148.0,165.0,0.706105,132.0,261.0,0.83911645
guy3_tree096.jpg,164.0,28.0,0.7704911,170.0,23.0,0.7314625,161.0,23.0,0.5967139,186.0,27.0,0.77103174,166.0,25.0,0.47025865,200.0,62.0,0.73930526,152.0,59.0,0.7729621,200.0,93.0,0.77075875,128.0,97.0,0.9063353,163.0,79.0,0.7105516,150.0,76.0,0.65573406,175.0,136.0,0.81310236,149.0,132.0,0.73736215,171.0,201.0,0.63440096,105.0,150.0,0.77123976,167.0,262.0,0.656056,151.0,164.0,0.7645836
guy3_tree096_flipped.jpg,135.0,27.0,0.7851829,137.0,23.0,0.74673384,128.0,22.0,0.70469534,132.0,25.0,0.7641746,113.0,26.0,0.8472614,146.0,58.0,0.79796195,98.0,61.0,0.92900157,171.0,96.0,0.79387504,98.0,95.0,0.811533,148.0,75.0,0.74157596,133.0,79.0,0.63550556,145.0,130.0,0.8278708,121.0,136.0,0.904275,196.0,150.0,0.8834416,127.0,205.0,0.90487134,146.0,165.0,0.71034336,132.0,263.0,0.82197124
guy3_tree097.jpg,164.0,28.0,0.77301973,170.0,22.0,0.64828026,161.0,22.0,0.695991,185.0,26.0,0.8633462,166.0,25.0,0.4894963,197.0,61.0,0.8375641,153.0,57.0,0.7281511,198.0,92.0,0.7346679,130.0,95.0,0.70538384,162.0,78.0,0.70958227,150.0,77.0,0.51523525,173.0,136.0,0.7540846,149.0,131.0,0.9100684,171.0,202.0,0.54017735,102.0,150.0,0.53606665,165.0,266.0,0.6988945,151.0,164.0,0.77475804
guy3_tree097_flipped.jpg,135.0,27.0,0.7151048,137.0,22.0,0.6238108,129.0,22.0,0.80078274,133.0,25.0,0.77670276,114.0,26.0,0.79408944,147.0,59.0,0.88039964,99.0,61.0,0.9346495,170.0,96.0,0.8129695,99.0,94.0,0.7516176,150.0,74.0,0.6729276,135.0,78.0,0.7148547,146.0,130.0,0.84933215,122.0,137.0,0.8468162,197.0,149.0,0.8769279,128.0,205.0,0.891806,148.0,165.0,0.72516316,133.0,263.0,0.8342886
guy3_tree098.jpg,163.0,26.0,0.7988901,169.0,20.0,0.7524959,161.0,21.0,0.83423674,185.0,25.0,0.8936114,166.0,24.0,0.59975636,197.0,59.0,0.8535458,151.0,56.0,0.78152114,197.0,92.0,0.8507936,130.0,94.0,0.8303839,161.0,77.0,0.79318976,149.0,75.0,0.5345553,173.0,134.0,0.7873267,148.0,129.0,0.9243269,169.0,199.0,0.66457474,103.0,149.0,0.5966113,165.0,261.0,0.7574557,151.0,163.0,0.79425406
guy3_tree098_flipped.jpg,136.0,26.0,0.6792636,138.0,21.0,0.5833247,130.0,21.0,0.84210265,134.0,23.0,0.7703223,116.0,25.0,0.8992027,149.0,57.0,0.8783922,101.0,60.0,0.95065343,170.0,96.0,0.74627495,100.0,93.0,0.7609433,149.0,75.0,0.7284553,136.0,77.0,0.69424474,147.0,129.0,0.85696685,122.0,136.0,0.8763695,197.0,148.0,0.9084412,129.0,201.0,0.88920677,148.0,164.0,0.7989681,134.0,261.0,0.82463133
guy3_tree099.jpg,162.0,25.0,0.7711693,168.0,20.0,0.8521273,161.0,20.0,0.77073956,183.0,26.0,0.740458,165.0,24.0,0.6180461,197.0,59.0,0.8211429,151.0,54.0,0.83537483,195.0,91.0,0.7990623,128.0,95.0,0.7737887,160.0,77.0,0.70005333,149.0,75.0,0.6309263,174.0,133.0,0.84332776,149.0,129.0,0.9265381,170.0,199.0,0.6808944,104.0,148.0,0.6869579,164.0,262.0,0.75522447,150.0,163.0,0.8058716
guy3_tree099_flipped.jpg,137.0,25.0,0.8308041,139.0,20.0,0.7361592,130.0,20.0,0.64277387,135.0,23.0,0.49421886,116.0,24.0,0.8750643,150.0,56.0,0.88789654,101.0,59.0,0.9353565,171.0,95.0,0.82918954,102.0,91.0,0.87687325,152.0,74.0,0.76069635,138.0,76.0,0.5779247,148.0,129.0,0.8968041,123.0,135.0,0.84642667,197.0,146.0,0.90017295,131.0,201.0,0.8356471,150.0,164.0,0.7315514,134.0,261.0,0.7708298
guy3_tree100.jpg,161.0,25.0,0.76111853,168.0,20.0,0.77514285,160.0,20.0,0.76574385,183.0,26.0,0.7098889,164.0,23.0,0.6362749,196.0,59.0,0.83574355,150.0,54.0,0.8729913,195.0,90.0,0.76234853,128.0,94.0,0.8341334,159.0,76.0,0.70880884,150.0,75.0,0.53860515,172.0,133.0,0.8530444,147.0,129.0,0.8298415,169.0,200.0,0.7429028,104.0,147.0,0.70573974,164.0,262.0,0.8112849,150.0,162.0,0.7898238
guy3_tree100_flipped.jpg,137.0,25.0,0.754304,139.0,20.0,0.79601246,131.0,20.0,0.6643021,135.0,23.0,0.45736355,116.0,25.0,0.81831944,146.0,54.0,0.8726792,103.0,60.0,0.79284286,168.0,93.0,0.7690784,106.0,91.0,0.8394431,152.0,73.0,0.5160476,140.0,75.0,0.5325474,148.0,131.0,0.74668634,124.0,138.0,0.7442581,196.0,148.0,0.77053905,130.0,201.0,0.65567505,148.0,163.0,0.70232224,134.0,261.0,0.8318386
guy3_tree101.jpg,160.0,24.0,0.5973281,167.0,19.0,0.80381185,159.0,19.0,0.45848486,182.0,25.0,0.7387695,164.0,22.0,0.37609774,194.0,60.0,0.79135853,151.0,55.0,0.81755483,192.0,89.0,0.6865634,129.0,94.0,0.63294876,158.0,75.0,0.5438534,148.0,74.0,0.62022007,171.0,133.0,0.6672286,148.0,127.0,0.8684881,168.0,199.0,0.8330281,103.0,147.0,0.49301943,163.0,261.0,0.7076122,148.0,161.0,0.6754038
guy3_tree101_flipped.jpg,139.0,25.0,0.76674473,140.0,20.0,0.56078124,132.0,20.0,0.7897279,136.0,23.0,0.34019053,117.0,25.0,0.64633,148.0,55.0,0.8487824,104.0,60.0,0.83155584,170.0,95.0,0.67772514,107.0,91.0,0.6746239,152.0,75.0,0.5262485,140.0,77.0,0.6458796,149.0,130.0,0.74697196,125.0,138.0,0.6768753,196.0,147.0,0.7384732,131.0,200.0,0.68965447,150.0,162.0,0.6399265,135.0,262.0,0.7646148
guy3_tree102.jpg,159.0,24.0,0.667418,165.0,19.0,0.80968946,158.0,19.0,0.7181026,181.0,25.0,0.6887615,165.0,22.0,0.62787604,194.0,59.0,0.76417226,149.0,57.0,0.7801771,191.0,89.0,0.7415948,128.0,94.0,0.7319793,156.0,76.0,0.6198719,146.0,74.0,0.6310039,171.0,132.0,0.74054277,148.0,128.0,0.91566396,168.0,197.0,0.79388416,104.0,146.0,0.7624325,163.0,260.0,0.73021436,148.0,160.0,0.785692
guy3_tree102_flipped.jpg,139.0,24.0,0.8248907,140.0,19.0,0.8922214,133.0,19.0,0.76784426,134.0,22.0,0.7128727,118.0,24.0,0.91168594,150.0,54.0,0.8424299,103.0,57.0,0.6679761,171.0,95.0,0.76663446,105.0,90.0,0.75398904,152.0,73.0,0.6286878,140.0,75.0,0.58875453,149.0,127.0,0.91512775,125.0,133.0,0.83684504,196.0,146.0,0.7675612,132.0,197.0,0.72439,152.0,160.0,0.7595241,135.0,259.0,0.8330703
guy3_tree103.jpg,159.0,23.0,0.7228764,166.0,18.0,0.813756,158.0,18.0,0.5975795,181.0,24.0,0.8512992,163.0,22.0,0.49404618,194.0,58.0,0.7719064,150.0,55.0,0.8292444,191.0,87.0,0.70158565,128.0,94.0,0.7048526,157.0,75.0,0.59851235,146.0,73.0,0.6621273,171.0,132.0,0.8143915,146.0,128.0,0.7695296,168.0,197.0,0.74168295,104.0,146.0,0.67581165,163.0,258.0,0.7977781,148.0,160.0,0.7829031
guy3_tree103_flipped.jpg,140.0,23.0,0.70103765,141.0,18.0,0.5905211,134.0,18.0,0.6672198,136.0,22.0,0.7347081,119.0,24.0,0.8556299,150.0,55.0,0.81658375,104.0,58.0,0.89222777,172.0,95.0,0.75525045,108.0,87.0,0.7283175,153.0,73.0,0.75750077,142.0,74.0,0.68898445,150.0,127.0,0.91029286,126.0,133.0,0.81885695,196.0,145.0,0.85496545,133.0,199.0,0.8310096,153.0,160.0,0.77727765,135.0,257.0,0.7552971
guy3_tree104.jpg,158.0,23.0,0.56505895,165.0,18.0,0.84833133,157.0,18.0,0.59824634,180.0,24.0,0.75550914,162.0,21.0,0.46969754,192.0,57.0,0.81512,149.0,53.0,0.68974733,189.0,87.0,0.58380204,128.0,92.0,0.6729461,155.0,73.0,0.6500542,147.0,73.0,0.45333797,169.0,131.0,0.6291776,147.0,126.0,0.8973572,167.0,196.0,0.8544917,104.0,145.0,0.6510226,162.0,259.0,0.6945969,147.0,160.0,0.7132894
guy3_tree104_flipped.jpg,140.0,24.0,0.81851923,141.0,19.0,0.88034546,133.0,18.0,0.7746986,136.0,22.0,0.67806774,118.0,23.0,0.9123583,151.0,54.0,0.85948044,104.0,58.0,0.74852514,170.0,96.0,0.6335961,109.0,90.0,0.7758902,153.0,73.0,0.6605662,142.0,74.0,0.6543275,150.0,126.0,0.9081685,126.0,132.0,0.73086506,196.0,145.0,0.90487206,133.0,197.0,0.79441774,152.0,159.0,0.74041456,135.0,257.0,0.8282856
guy3_tree105.jpg,157.0,23.0,0.78030145,164.0,17.0,0.925707,156.0,17.0,0.7669903,180.0,23.0,0.8037822,163.0,20.0,0.5391412,193.0,58.0,0.8754449,149.0,53.0,0.7319999,187.0,87.0,0.58712244,127.0,93.0,0.77866304,153.0,73.0,0.6856755,146.0,72.0,0.4986744,169.0,130.0,0.8197962,145.0,126.0,0.83217454,165.0,196.0,0.91311574,104.0,144.0,0.68797123,161.0,258.0,0.81071436,147.0,160.0,0.7118242
guy3_tree105_flipped.jpg,140.0,23.0,0.8139439,141.0,18.0,0.7531195,134.0,18.0,0.61634934,135.0,21.0,0.48499408,118.0,23.0,0.87553346,151.0,54.0,0.8776704,104.0,58.0,0.9069201,171.0,94.0,0.7297342,112.0,89.0,0.5631403,154.0,72.0,0.7474074,144.0,73.0,0.70830023,150.0,125.0,0.8937288,127.0,131.0,0.7764265,195.0,143.0,0.9148129,133.0,195.0,0.73470587,152.0,159.0,0.7701237,136.0,256.0,0.8606293
guy3_tree106.jpg,157.0,22.0,0.64974135,164.0,17.0,0.8398485,157.0,17.0,0.51232976,180.0,23.0,0.7590958,161.0,20.0,0.421879,191.0,58.0,0.8926523,149.0,53.0,0.7807523,186.0,87.0,0.49098238,128.0,92.0,0.7586183,152.0,74.0,0.69402385,145.0,73.0,0.5050687,167.0,129.0,0.5776772,145.0,126.0,0.7212276,165.0,196.0,0.78735554,104.0,145.0,0.73095644,162.0,257.0,0.7079704,147.0,161.0,0.7232948
guy3_tree106_flipped.jpg,142.0,23.0,0.80688494,142.0,17.0,0.77039146,135.0,17.0,0.87442696,136.0,21.0,0.63474745,120.0,22.0,0.8786592,151.0,52.0,0.81925386,106.0,57.0,0.82110345,171.0,95.0,0.6069108,114.0,89.0,0.7096942,156.0,72.0,0.6783428,146.0,73.0,0.6156797,150.0,125.0,0.89373124,127.0,131.0,0.72204083,195.0,144.0,0.906036,134.0,196.0,0.73779577,154.0,158.0,0.77912426,137.0,256.0,0.8062844
guy3_tree107.jpg,157.0,23.0,0.53686094,164.0,17.0,0.81232274,156.0,18.0,0.59072006,179.0,23.0,0.74843425,162.0,20.0,0.5929183,192.0,55.0,0.5651164,149.0,54.0,0.7277467,185.0,85.0,0.6539165,129.0,93.0,0.6591074,152.0,72.0,0.7196365,146.0,73.0,0.48798913,168.0,129.0,0.76793647,146.0,126.0,0.8248067,165.0,194.0,0.7592039,105.0,144.0,0.64238566,161.0,257.0,0.75665665,147.0,158.0,0.71875095
guy3_tree107_flipped.jpg,142.0,23.0,0.72294,143.0,18.0,0.6277827,135.0,17.0,0.6828492,138.0,20.0,0.6505374,120.0,22.0,0.84426296,152.0,52.0,0.8834202,105.0,55.0,0.76615477,169.0,94.0,0.7765882,114.0,87.0,0.6641087,156.0,72.0,0.6779815,146.0,72.0,0.51889557,150.0,124.0,0.8951473,127.0,130.0,0.76452947,195.0,144.0,0.89307785,135.0,195.0,0.8629563,153.0,159.0,0.76560664,136.0,254.0,0.7800796
guy3_tree108.jpg,157.0,22.0,0.43732372,163.0,17.0,0.77952534,156.0,17.0,0.5221662,179.0,22.0,0.622719,160.0,20.0,0.30837733,189.0,56.0,0.66656023,149.0,53.0,0.5971217,184.0,86.0,0.47440434,131.0,92.0,0.49573705,152.0,72.0,0.65299237,145.0,72.0,0.44500294,168.0,129.0,0.5640461,146.0,125.0,0.6869376,165.0,194.0,0.7091165,106.0,145.0,0.6472709,161.0,257.0,0.72510356,147.0,158.0,0.7155635
guy3_tree108_flipped.jpg,143.0,23.0,0.5575016,143.0,17.0,0.7097477,136.0,17.0,0.86170274,137.0,20.0,0.6636514,120.0,21.0,0.71296567,152.0,52.0,0.8304951,108.0,56.0,0.88628095,169.0,94.0,0.5985543,117.0,87.0,0.64511555,156.0,73.0,0.5493597,147.0,73.0,0.59331983,151.0,124.0,0.875605,128.0,130.0,0.8434737,194.0,144.0,0.82751596,135.0,196.0,0.71514904,154.0,159.0,0.752988,138.0,258.0,0.77129376
guy3_tree109.jpg,156.0,22.0,0.51297146,163.0,17.0,0.80446494,156.0,17.0,0.664729,177.0,22.0,0.69108355,161.0,20.0,0.40068787,190.0,55.0,0.7397548,149.0,52.0,0.73317426,182.0,85.0,0.4801349,130.0,93.0,0.6098909,151.0,71.0,0.67150855,145.0,72.0,0.42293575,167.0,128.0,0.6970793,146.0,124.0,0.80233157,165.0,194.0,0.7858975,106.0,145.0,0.5695161,161.0,257.0,0.77679163,147.0,159.0,0.75738907
guy3_tree109_flipped.jpg,144.0,23.0,0.7614474,144.0,17.0,0.777413,137.0,17.0,0.86829877,138.0,20.0,0.40233105,121.0,22.0,0.729505,151.0,52.0,0.82590044,109.0,55.0,0.9071371,170.0,94.0,0.56425077,118.0,86.0,0.6478759,156.0,73.0,0.6179191,147.0,72.0,0.71118003,151.0,122.0,0.8608399,129.0,127.0,0.7316651,194.0,144.0,0.71179444,135.0,194.0,0.657347,153.0,159.0,0.8092784,137.0,254.0,0.8229431
guy3_tree110.jpg,156.0,22.0,0.7172154,162.0,17.0,0.7263841,155.0,18.0,0.7202729,177.0,22.0,0.7090167,160.0,21.0,0.3261162,189.0,56.0,0.80654395,149.0,53.0,0.70012414,180.0,85.0,0.44225153,130.0,93.0,0.6340115,151.0,72.0,0.63924575,144.0,74.0,0.46775645,167.0,128.0,0.6450395,146.0,125.0,0.7446896,165.0,194.0,0.674102,106.0,145.0,0.5820426,161.0,256.0,0.75052696,146.0,157.0,0.7217254
guy3_tree110_flipped.jpg,143.0,23.0,0.7010026,144.0,18.0,0.79864615,136.0,18.0,0.8780725,139.0,21.0,0.51378053,121.0,22.0,0.71304685,152.0,52.0,0.8204956,107.0,55.0,0.8888235,169.0,93.0,0.78706944,117.0,86.0,0.7169001,156.0,73.0,0.69572866,147.0,72.0,0.65012586,150.0,123.0,0.88713866,128.0,127.0,0.7642835,193.0,143.0,0.7452876,135.0,194.0,0.6213474,154.0,158.0,0.7952355,137.0,253.0,0.80183303
guy3_tree111.jpg,155.0,22.0,0.7566126,161.0,17.0,0.57292473,154.0,18.0,0.7856518,177.0,22.0,0.8136915,159.0,21.0,0.42526856,188.0,54.0,0.73083544,148.0,51.0,0.78103983,181.0,84.0,0.649762,130.0,93.0,0.58162683,151.0,72.0,0.6319468,144.0,72.0,0.5048962,166.0,128.0,0.5539835,146.0,124.0,0.8831717,164.0,193.0,0.72249544,106.0,144.0,0.55476564,161.0,256.0,0.76683515,146.0,157.0,0.7538194
guy3_tree111_flipped.jpg,143.0,23.0,0.6435628,144.0,18.0,0.7289705,137.0,17.0,0.75446403,139.0,20.0,0.6234136,121.0,22.0,0.71226054,149.0,52.0,0.8473419,109.0,53.0,0.92369163,169.0,93.0,0.70191616,118.0,85.0,0.60680693,157.0,71.0,0.62933505,146.0,72.0,0.6532023,150.0,125.0,0.88161683,128.0,130.0,0.85424244,192.0,144.0,0.87300193,135.0,193.0,0.72138864,154.0,158.0,0.69574344,138.0,255.0,0.734746
guy3_tree112.jpg,156.0,22.0,0.742901,162.0,17.0,0.78988326,155.0,18.0,0.7855505,177.0,22.0,0.7523699,161.0,20.0,0.30382538,187.0,55.0,0.7106152,150.0,51.0,0.62359345,179.0,83.0,0.51066965,131.0,91.0,0.5702237,151.0,70.0,0.6464904,144.0,70.0,0.44184333,168.0,127.0,0.7388577,146.0,124.0,0.73281497,165.0,192.0,0.7854005,108.0,143.0,0.563605,161.0,254.0,0.70131505,146.0,156.0,0.695536
guy3_tree112_flipped.jpg,144.0,23.0,0.5905573,144.0,17.0,0.6898288,137.0,17.0,0.82236075,136.0,20.0,0.6980633,121.0,21.0,0.50074893,149.0,51.0,0.77444744,109.0,54.0,0.6968456,169.0,92.0,0.67035645,119.0,85.0,0.5532012,156.0,71.0,0.5927873,147.0,71.0,0.73628294,150.0,123.0,0.86419314,129.0,128.0,0.8708414,191.0,143.0,0.89320076,135.0,193.0,0.7736709,153.0,157.0,0.7104011,138.0,255.0,0.722865
guy3_tree113.jpg,154.0,23.0,0.71776474,160.0,18.0,0.8722223,154.0,18.0,0.8136461,177.0,23.0,0.80021983,162.0,20.0,0.50256336,188.0,52.0,0.8325784,148.0,49.0,0.70303404,179.0,81.0,0.5732424,130.0,90.0,0.6611502,151.0,68.0,0.70530623,145.0,69.0,0.5059112,168.0,127.0,0.8239296,147.0,124.0,0.8027035,164.0,192.0,0.5954743,108.0,143.0,0.7768897,160.0,256.0,0.85578275,145.0,156.0,0.7029952
guy3_tree113_flipped.jpg,143.0,23.0,0.57733214,144.0,18.0,0.491361,138.0,18.0,0.45540887,139.0,21.0,0.32782167,123.0,22.0,0.5913036,148.0,48.0,0.6521394,112.0,55.0,0.72717506,169.0,90.0,0.42683867,121.0,82.0,0.58307296,159.0,68.0,0.5347429,148.0,69.0,0.4924004,151.0,124.0,0.79751873,128.0,131.0,0.7739626,190.0,142.0,0.6581344,134.0,194.0,0.75849515,152.0,156.0,0.6960928,138.0,256.0,0.8096968
guy3_tree114.jpg,155.0,23.0,0.744038,161.0,19.0,0.7602124,155.0,19.0,0.7635189,176.0,22.0,0.7581293,161.0,21.0,0.26157314,189.0,54.0,0.69942486,151.0,53.0,0.67857045,178.0,80.0,0.52415186,129.0,88.0,0.68548155,151.0,66.0,0.51103556,144.0,66.0,0.47291484,167.0,127.0,0.7333937,147.0,124.0,0.88422143,164.0,191.0,0.8485824,109.0,143.0,0.62002003,162.0,253.0,0.6492338,145.0,156.0,0.7998302
guy3_tree114_flipped.jpg,143.0,23.0,0.6589509,143.0,18.0,0.7009755,137.0,18.0,0.8054365,136.0,20.0,0.63859,122.0,22.0,0.77703,150.0,49.0,0.8743241,109.0,53.0,0.7519643,169.0,87.0,0.6450452,121.0,79.0,0.59505564,155.0,68.0,0.60635024,146.0,66.0,0.69759905,149.0,123.0,0.8357781,128.0,128.0,0.8512537,189.0,143.0,0.8398969,135.0,193.0,0.8355721,152.0,156.0,0.7243477,137.0,254.0,0.7483356
guy3_tree115.jpg,155.0,24.0,0.71520436,161.0,19.0,0.77413917,155.0,19.0,0.7398622,177.0,23.0,0.8209918,162.0,22.0,0.3001933,189.0,54.0,0.72153115,151.0,53.0,0.680548,177.0,78.0,0.5990145,127.0,87.0,0.60125315,151.0,62.0,0.61389166,143.0,63.0,0.5265799,167.0,127.0,0.7159071,147.0,124.0,0.8694222,165.0,193.0,0.8047625,111.0,143.0,0.60671306,161.0,255.0,0.7368227,147.0,155.0,0.7657206
guy3_tree115_flipped.jpg,143.0,24.0,0.564779,143.0,18.0,0.7349325,137.0,18.0,0.81712496,136.0,20.0,0.6318138,122.0,22.0,0.74255025,150.0,46.0,0.8146852,109.0,53.0,0.8717975,165.0,80.0,0.4608934,123.0,77.0,0.66760886,153.0,63.0,0.53452605,148.0,63.0,0.56918067,150.0,123.0,0.8190334,128.0,129.0,0.8377013,189.0,143.0,0.8798227,134.0,192.0,0.77639127,151.0,154.0,0.7470703,138.0,253.0,0.7847575
guy3_tree116.jpg,156.0,22.0,0.5713999,162.0,19.0,0.3505754,156.0,19.0,0.5290045,176.0,23.0,0.64624,161.0,21.0,0.16895086,186.0,52.0,0.6007516,153.0,53.0,0.5283703,177.0,73.0,0.42666236,128.0,85.0,0.6636123,151.0,57.0,0.51821584,144.0,59.0,0.6526444,168.0,127.0,0.68751436,147.0,123.0,0.69319594,164.0,190.0,0.7445824,112.0,143.0,0.51449734,162.0,254.0,0.601261,146.0,156.0,0.75657475
guy3_tree116_flipped.jpg,143.0,23.0,0.7096455,143.0,18.0,0.6915411,137.0,18.0,0.8175485,136.0,20.0,0.51943034,121.0,22.0,0.80375016,148.0,50.0,0.7369821,109.0,50.0,0.6976147,171.0,83.0,0.71026075,122.0,74.0,0.54749924,155.0,60.0,0.6216326,147.0,60.0,0.60350335,148.0,122.0,0.84260255,128.0,127.0,0.8794012,189.0,142.0,0.8545401,135.0,192.0,0.70820403,152.0,156.0,0.72125244,138.0,254.0,0.7357356
guy3_tree117.jpg,156.0,23.0,0.73869723,161.0,19.0,0.7761221,156.0,20.0,0.8170357,177.0,22.0,0.83963406,162.0,22.0,0.23447767,187.0,52.0,0.7318205,154.0,54.0,0.7053082,175.0,71.0,0.40911078,128.0,83.0,0.5835376,151.0,54.0,0.6251933,144.0,55.0,0.50029397,168.0,126.0,0.720577,148.0,123.0,0.7538103,164.0,192.0,0.7846921,113.0,143.0,0.7244317,162.0,253.0,0.67262596,147.0,158.0,0.76204216
guy3_tree117_flipped.jpg,144.0,24.0,0.72993326,144.0,19.0,0.7485567,137.0,18.0,0.522852,136.0,21.0,0.5905019,122.0,22.0,0.7339034,148.0,51.0,0.6751512,108.0,50.0,0.82315016,172.0,82.0,0.67803496,126.0,72.0,0.4173122,155.0,55.0,0.68627775,147.0,55.0,0.6833358,150.0,122.0,0.8576179,128.0,127.0,0.82527226,187.0,142.0,0.71304667,135.0,192.0,0.8611358,150.0,155.0,0.7301197,138.0,253.0,0.6543327
guy3_tree118.jpg,157.0,24.0,0.7247701,162.0,20.0,0.77365285,156.0,20.0,0.7406432,177.0,23.0,0.82242477,161.0,23.0,0.2649213,190.0,52.0,0.7013826,152.0,55.0,0.7437655,174.0,70.0,0.40188247,126.0,80.0,0.7997893,150.0,51.0,0.5335735,141.0,53.0,0.65980893,168.0,126.0,0.75178456,149.0,122.0,0.5832196,165.0,192.0,0.73382753,114.0,143.0,0.7149373,163.0,251.0,0.65920633,148.0,156.0,0.78604805
guy3_tree118_flipped.jpg,142.0,25.0,0.6304054,143.0,19.0,0.6806123,136.0,19.0,0.8061157,135.0,22.0,0.5815135,121.0,24.0,0.7991899,145.0,51.0,0.79570186,109.0,48.0,0.65006113,171.0,78.0,0.7796063,128.0,69.0,0.5970917,156.0,50.0,0.75274694,148.0,50.0,0.75074995,148.0,121.0,0.7054348,127.0,127.0,0.85653377,186.0,143.0,0.8305888,134.0,193.0,0.8576822,150.0,156.0,0.77545905,138.0,254.0,0.6750479
guy3_tree119.jpg,157.0,25.0,0.55538243,162.0,21.0,0.6576732,156.0,21.0,0.54963404,178.0,24.0,0.46013743,162.0,23.0,0.23918483,188.0,52.0,0.8631457,157.0,54.0,0.5589799,173.0,66.0,0.4940445,128.0,74.0,0.8351842,150.0,48.0,0.5527707,141.0,50.0,0.5933635,168.0,127.0,0.6610856,151.0,124.0,0.7317516,166.0,191.0,0.697666,115.0,142.0,0.5981603,162.0,253.0,0.8391174,148.0,157.0,0.717166
guy3_tree119_flipped.jpg,142.0,26.0,0.69720227,142.0,21.0,0.7018653,136.0,20.0,0.472484,134.0,23.0,0.5688225,121.0,24.0,0.75939727,143.0,52.0,0.7633211,109.0,48.0,0.7791275,172.0,77.0,0.86468047,129.0,67.0,0.57526416,156.0,48.0,0.786916,147.0,47.0,0.7073491,147.0,123.0,0.7083625,127.0,127.0,0.82329047,185.0,144.0,0.84520733,134.0,193.0,0.8677062,149.0,157.0,0.67563605,137.0,253.0,0.72852725
guy3_tree120.jpg,157.0,26.0,0.5572783,162.0,22.0,0.63843066,156.0,23.0,0.5901565,177.0,25.0,0.48317972,161.0,25.0,0.18198761,187.0,52.0,0.8226514,157.0,55.0,0.54566884,172.0,63.0,0.431811,127.0,71.0,0.67897856,151.0,45.0,0.51880705,141.0,47.0,0.5536386,168.0,127.0,0.60029876,151.0,123.0,0.7228683,166.0,191.0,0.45522717,115.0,143.0,0.502101,163.0,253.0,0.8092928,148.0,157.0,0.74694425
guy3_tree120_flipped.jpg,141.0,26.0,0.7363069,141.0,20.0,0.6646838,136.0,20.0,0.71843296,132.0,23.0,0.50593424,120.0,24.0,0.88039064,141.0,53.0,0.7294308,108.0,49.0,0.7467562,170.0,71.0,0.5490682,131.0,62.0,0.6374592,154.0,44.0,0.71497583,148.0,42.0,0.76606226,145.0,122.0,0.6220339,127.0,126.0,0.7978435,185.0,144.0,0.8493863,134.0,192.0,0.87083936,149.0,157.0,0.72943807,136.0,252.0,0.78322434
guy3_tree121.jpg,158.0,26.0,0.7049729,163.0,22.0,0.6867666,157.0,22.0,0.49920976,179.0,25.0,0.6001254,163.0,25.0,0.23584825,187.0,51.0,0.7947254,157.0,54.0,0.69922364,169.0,60.0,0.5666114,127.0,69.0,0.58844376,152.0,40.0,0.5039075,139.0,43.0,0.494534,169.0,126.0,0.55089074,152.0,124.0,0.7750203,166.0,192.0,0.69944555,117.0,143.0,0.5501955,163.0,254.0,0.7787605,149.0,156.0,0.73664904
guy3_tree121_flipped.jpg,141.0,26.0,0.71711755,141.0,21.0,0.76586777,136.0,21.0,0.6848099,133.0,24.0,0.57711774,120.0,25.0,0.87879705,144.0,54.0,0.8222978,108.0,49.0,0.7614824,173.0,70.0,0.77676684,131.0,60.0,0.77623373,157.0,42.0,0.820066,149.0,40.0,0.5763209,146.0,123.0,0.6489735,126.0,127.0,0.8066008,184.0,143.0,0.812165,133.0,192.0,0.8597152,148.0,157.0,0.72926295,135.0,250.0,0.76750135
guy3_tree122.jpg,160.0,26.0,0.6355715,165.0,22.0,0.4997847,157.0,23.0,0.5449358,179.0,26.0,0.67772,160.0,25.0,0.15095422,187.0,51.0,0.7626275,157.0,53.0,0.70542246,167.0,57.0,0.53092915,128.0,65.0,0.5638464,150.0,36.0,0.24191245,141.0,39.0,0.51238626,169.0,126.0,0.6298727,152.0,123.0,0.7548106,167.0,192.0,0.7007966,119.0,142.0,0.48846725,164.0,253.0,0.76464355,150.0,156.0,0.7406161
guy3_tree122_flipped.jpg,140.0,27.0,0.62038225,141.0,22.0,0.75941205,134.0,22.0,0.7662933,135.0,24.0,0.4121129,119.0,26.0,0.8371414,142.0,51.0,0.74625015,109.0,47.0,0.58227485,172.0,66.0,0.7515031,130.0,57.0,0.5869133,157.0,38.0,0.802246,148.0,36.0,0.56180507,146.0,123.0,0.57999426,126.0,127.0,0.8598843,183.0,144.0,0.8341806,132.0,192.0,0.8932513,147.0,155.0,0.7063003,134.0,250.0,0.84777284
guy3_tree123.jpg,159.0,26.0,0.66729295,165.0,23.0,0.32026014,159.0,23.0,0.6602863,180.0,28.0,0.5449726,163.0,25.0,0.22617462,187.0,51.0,0.7942618,155.0,53.0,0.6657671,166.0,52.0,0.50244194,127.0,61.0,0.6852883,150.0,31.0,0.43140283,140.0,35.0,0.6234176,169.0,126.0,0.51223963,153.0,123.0,0.56679016,168.0,193.0,0.6974008,119.0,144.0,0.6041813,164.0,253.0,0.73715305,150.0,158.0,0.72606325
guy3_tree123_flipped.jpg,140.0,27.0,0.5048131,141.0,22.0,0.5574538,134.0,22.0,0.6038083,136.0,27.0,0.4527506,119.0,28.0,0.79009557,144.0,52.0,0.75246096,108.0,48.0,0.75612557,172.0,63.0,0.8973639,131.0,53.0,0.45455587,158.0,35.0,0.81456006,149.0,31.0,0.49915135,146.0,124.0,0.5692932,126.0,128.0,0.73967934,183.0,144.0,0.7966186,133.0,192.0,0.82892174,148.0,155.0,0.7144625,134.0,250.0,0.79352903
guy3_tree124.jpg,160.0,28.0,0.44843894,165.0,25.0,0.6733111,158.0,25.0,0.45415714,180.0,28.0,0.78293586,164.0,27.0,0.341541,190.0,50.0,0.78174114,156.0,53.0,0.5974815,168.0,49.0,0.48271725,128.0,59.0,0.6302948,150.0,30.0,0.4808344,141.0,32.0,0.60819167,170.0,127.0,0.64483464,154.0,124.0,0.59726566,168.0,193.0,0.6803382,120.0,143.0,0.6779311,165.0,252.0,0.73887926,151.0,157.0,0.6951964
guy3_tree124_flipped.jpg,138.0,28.0,0.6110088,139.0,24.0,0.5950446,134.0,24.0,0.63170475,133.0,28.0,0.51762325,119.0,28.0,0.7008358,141.0,53.0,0.7647439,108.0,47.0,0.89072907,172.0,60.0,0.73112565,132.0,50.0,0.47528383,158.0,34.0,0.76657116,146.0,29.0,0.55189025,145.0,124.0,0.6144643,125.0,128.0,0.76502264,181.0,145.0,0.7785921,131.0,193.0,0.82370925,147.0,157.0,0.72350025,134.0,249.0,0.8054838
guy3_tree125.jpg,159.0,31.0,0.6357261,164.0,26.0,0.71237874,159.0,26.0,0.6403345,180.0,28.0,0.7718543,166.0,28.0,0.59277475,191.0,48.0,0.8092793,157.0,53.0,0.8003832,167.0,47.0,0.42764738,128.0,55.0,0.7415495,151.0,23.0,0.4012674,142.0,27.0,0.64100236,171.0,127.0,0.6152374,154.0,124.0,0.7521132,168.0,194.0,0.5679481,120.0,144.0,0.72486794,166.0,253.0,0.87614036,152.0,156.0,0.7191494
guy3_tree125_flipped.jpg,138.0,30.0,0.6160053,138.0,25.0,0.6880349,133.0,24.0,0.72812665,133.0,29.0,0.5864789,118.0,28.0,0.8710195,142.0,53.0,0.7819574,108.0,48.0,0.85630906,170.0,54.0,0.9312384,132.0,47.0,0.68932396,155.0,27.0,0.70151436,145.0,24.0,0.6295857,144.0,124.0,0.6150531,125.0,127.0,0.86377203,180.0,145.0,0.77123916,131.0,193.0,0.8581115,146.0,156.0,0.73446953,133.0,250.0,0.79456705
guy3_tree126.jpg,159.0,32.0,0.55626243,164.0,27.0,0.780023,159.0,28.0,0.66403717,180.0,29.0,0.6485411,166.0,29.0,0.4673984,191.0,48.0,0.82346785,157.0,52.0,0.7506699,167.0,46.0,0.37241638,127.0,52.0,0.7916018,152.0,21.0,0.57157,143.0,23.0,0.7209378,170.0,127.0,0.72140086,154.0,124.0,0.7223434,169.0,193.0,0.5860234,121.0,144.0,0.7339264,166.0,252.0,0.8596861,152.0,156.0,0.66578776
guy3_tree126_flipped.jpg,136.0,31.0,0.54983234,138.0,26.0,0.6381556,132.0,25.0,0.6597385,134.0,30.0,0.5633115,118.0,29.0,0.88297737,142.0,54.0,0.8368862,109.0,48.0,0.7826561,170.0,52.0,0.90291035,131.0,45.0,0.6734504,155.0,24.0,0.73376554,145.0,21.0,0.65224767,143.0,125.0,0.83018565,124.0,127.0,0.86808705,179.0,146.0,0.7947884,131.0,194.0,0.8716873,145.0,157.0,0.6965076,133.0,251.0,0.84427637
guy3_tree127.jpg,161.0,33.0,0.5007949,165.0,28.0,0.77047265,161.0,28.0,0.5711798,181.0,30.0,0.803136,167.0,29.0,0.54218495,193.0,48.0,0.81763697,158.0,51.0,0.81353724,166.0,43.0,0.3502229,130.0,52.0,0.9252881,152.0,18.0,0.7483244,145.0,21.0,0.7195719,173.0,126.0,0.81850374,155.0,124.0,0.88308156,169.0,193.0,0.83612406,122.0,144.0,0.81389624,167.0,251.0,0.84462094,153.0,158.0,0.7543278
guy3_tree127_flipped.jpg,135.0,32.0,0.6305646,136.0,27.0,0.73643064,130.0,26.0,0.75187063,133.0,31.0,0.6554553,117.0,31.0,0.8581195,140.0,53.0,0.74670273,108.0,51.0,0.8020249,169.0,50.0,0.90565455,130.0,43.0,0.48822704,153.0,23.0,0.766926,145.0,21.0,0.6383755,143.0,126.0,0.81380343,124.0,128.0,0.8739592,178.0,147.0,0.7627461,130.0,193.0,0.90332174,145.0,158.0,0.7484149,133.0,251.0,0.8335109
guy3_tree128.jpg,162.0,32.0,0.65147406,167.0,28.0,0.62656367,162.0,27.0,0.6421919,182.0,30.0,0.5954832,170.0,29.0,0.55377746,190.0,50.0,0.8211683,157.0,52.0,0.81758416,169.0,40.0,0.4907475,129.0,47.0,0.7555256,154.0,16.0,0.69891894,144.0,19.0,0.54024035,172.0,128.0,0.6318558,156.0,124.0,0.7659321,170.0,194.0,0.78735465,124.0,145.0,0.74696743,168.0,252.0,0.89930224,155.0,156.0,0.7515546
guy3_tree128_flipped.jpg,135.0,32.0,0.56811696,134.0,27.0,0.6003864,129.0,27.0,0.64519095,128.0,31.0,0.71095425,117.0,33.0,0.70097893,142.0,53.0,0.85094917,108.0,52.0,0.86893606,168.0,47.0,0.91946995,132.0,39.0,0.50143063,152.0,19.0,0.75965905,146.0,16.0,0.8526279,143.0,127.0,0.81790936,124.0,130.0,0.8632581,178.0,148.0,0.81207776,130.0,195.0,0.8846596,145.0,158.0,0.7552984,133.0,251.0,0.8060219
guy3_tree129.jpg,163.0,34.0,0.58608574,168.0,30.0,0.60544485,163.0,29.0,0.65972066,182.0,32.0,0.56809235,171.0,30.0,0.6070977,189.0,50.0,0.8062859,157.0,51.0,0.82016814,169.0,36.0,0.41499928,133.0,42.0,0.92300904,155.0,13.0,0.6187227,145.0,14.0,0.6741034,173.0,127.0,0.8397574,157.0,124.0,0.9006634,169.0,194.0,0.8880749,124.0,144.0,0.7112726,168.0,251.0,0.8849505,155.0,157.0,0.8108125
guy3_tree129_flipped.jpg,136.0,33.0,0.56029594,134.0,29.0,0.5606735,131.0,28.0,0.59285694,125.0,31.0,0.6170288,118.0,32.0,0.59902585,140.0,51.0,0.845953,108.0,53.0,0.90186316,167.0,43.0,0.8826825,130.0,37.0,0.4281957,151.0,14.0,0.7078992,143.0,13.0,0.8861973,143.0,127.0,0.8376942,124.0,129.0,0.8610803,177.0,148.0,0.6050614,130.0,194.0,0.8677691,145.0,158.0,0.7937814,132.0,251.0,0.8227296
guy3_tree130.jpg,164.0,35.0,0.66349024,169.0,30.0,0.52924347,163.0,30.0,0.75320613,182.0,32.0,0.62720835,170.0,31.0,0.453148,189.0,51.0,0.8476369,158.0,50.0,0.8507347,168.0,30.0,0.43345824,133.0,38.0,0.69155633,158.0,9.0,0.79051393,146.0,11.0,0.6730461,174.0,127.0,0.8553488,158.0,125.0,0.90482986,170.0,195.0,0.88422084,125.0,145.0,0.7903842,168.0,253.0,0.89886624,155.0,157.0,0.83103675
guy3_tree130_flipped.jpg,135.0,34.0,0.48716047,133.0,29.0,0.61965275,130.0,29.0,0.6147193,129.0,31.0,0.41942543,118.0,33.0,0.6185852,140.0,51.0,0.76587903,110.0,53.0,0.7845472,166.0,39.0,0.54466516,129.0,36.0,0.13325024,151.0,12.0,0.6960491,142.0,10.0,0.6698452,143.0,129.0,0.78191984,123.0,131.0,0.7825663,173.0,147.0,0.7111522,128.0,193.0,0.69534034,144.0,157.0,0.6869775,131.0,252.0,0.79377544
guy3_tree131.jpg,162.0,36.0,0.5654369,167.0,32.0,0.63395226,163.0,31.0,0.71082115,181.0,32.0,0.6698748,173.0,31.0,0.48870808,189.0,52.0,0.64842933,162.0,52.0,0.7608143,174.0,25.0,0.4210822,134.0,36.0,0.7501245,160.0,6.0,0.7922517,151.0,8.0,0.7213377,173.0,128.0,0.8241015,158.0,126.0,0.9122848,170.0,196.0,0.9130794,126.0,145.0,0.80498564,169.0,252.0,0.9067982,156.0,159.0,0.8656052
guy3_tree131_flipped.jpg,134.0,32.0,0.56269413,131.0,27.0,0.5399747,128.0,28.0,0.4651693,125.0,30.0,0.6056879,118.0,32.0,0.61483383,138.0,51.0,0.8235978,110.0,51.0,0.81642616,163.0,33.0,0.85707253,128.0,25.0,0.51452184,150.0,7.0,0.79562485,142.0,6.0,0.7375289,141.0,126.0,0.8750403,124.0,128.0,0.86634016,175.0,149.0,0.6428395,129.0,193.0,0.76166266,144.0,159.0,0.805288,131.0,251.0,0.7998041
guy3_tree132.jpg,163.0,35.0,0.6020021,167.0,32.0,0.5198721,164.0,32.0,0.6233648,180.0,35.0,0.70255494,172.0,34.0,0.60412824,187.0,51.0,0.7585365,164.0,54.0,0.7252666,175.0,24.0,0.2960412,139.0,33.0,0.94069636,160.0,7.0,0.7180437,155.0,7.0,0.6652822,174.0,132.0,0.87673366,156.0,131.0,0.92657757,170.0,195.0,0.7009232,127.0,146.0,0.6541314,168.0,253.0,0.624134,153.0,161.0,0.7973791
guy3_tree132_flipped.jpg,136.0,35.0,0.6291001,133.0,31.0,0.70580816,131.0,31.0,0.7865311,124.0,33.0,0.52225345,119.0,35.0,0.69529134,137.0,53.0,0.82093847,111.0,53.0,0.88200337,160.0,32.0,0.7935883,125.0,22.0,0.72473264,148.0,5.0,0.6613129,141.0,3.0,0.61745316,141.0,128.0,0.8477039,124.0,131.0,0.78554296,174.0,150.0,0.70428634,129.0,195.0,0.79343295,143.0,161.0,0.766036,131.0,253.0,0.7432157
guy3_tree133.jpg,164.0,35.0,0.5137722,170.0,32.0,0.4643221,165.0,30.0,0.66374767,183.0,36.0,0.51357305,173.0,34.0,0.49332306,187.0,51.0,0.7081145,165.0,53.0,0.7519324,175.0,21.0,0.24583647,143.0,31.0,0.83810484,162.0,6.0,0.5972845,155.0,6.0,0.46297747,174.0,132.0,0.79815793,156.0,131.0,0.89800453,169.0,198.0,0.6663604,128.0,147.0,0.5700411,168.0,254.0,0.67589015,153.0,162.0,0.69389576
guy3_tree133_flipped.jpg,135.0,33.0,0.63175327,132.0,29.0,0.6324625,131.0,29.0,0.67109394,123.0,31.0,0.61201966,119.0,32.0,0.65047586,136.0,53.0,0.8765867,111.0,52.0,0.8884345,156.0,29.0,0.8484309,126.0,17.0,0.54373753,146.0,2.0,0.6335579,138.0,0.0,0.7041485,140.0,128.0,0.8728077,123.0,130.0,0.7916422,174.0,151.0,0.7609641,129.0,195.0,0.7207693,143.0,160.0,0.7798979,130.0,252.0,0.84356993
guy3_tree134.jpg,163.0,37.0,0.356231,169.0,33.0,0.513406,165.0,32.0,0.5606665,181.0,36.0,0.50170803,174.0,36.0,0.44137165,188.0,53.0,0.78198457,166.0,53.0,0.7238235,176.0,21.0,0.4252204,146.0,30.0,0.8201892,165.0,9.0,0.45988876,158.0,5.0,0.29051223,174.0,134.0,0.83612895,157.0,132.0,0.9156195,170.0,198.0,0.6002942,129.0,148.0,0.61215806,169.0,254.0,0.73744464,154.0,161.0,0.6982848
guy3_tree134_flipped.jpg,135.0,36.0,0.58800995,132.0,32.0,0.5764278,131.0,32.0,0.7198734,124.0,34.0,0.5446825,119.0,34.0,0.5691533,133.0,53.0,0.733182,111.0,52.0,0.8220397,153.0,28.0,0.8364862,125.0,17.0,0.5967246,152.0,24.0,0.26244354,134.0,0.0,0.63954294,140.0,128.0,0.7980987,123.0,131.0,0.78681123,172.0,151.0,0.680622,129.0,196.0,0.80954254,143.0,162.0,0.6395589,130.0,253.0,0.8363364
guy3_tree135.jpg,167.0,37.0,0.38549927,172.0,34.0,0.4920923,166.0,33.0,0.54334086,183.0,39.0,0.5924791,172.0,36.0,0.30382642,186.0,55.0,0.48594382,166.0,54.0,0.69124454,179.0,21.0,0.21141541,148.0,28.0,0.7419796,168.0,6.0,0.44604242,159.0,5.0,0.18511918,175.0,134.0,0.72834074,157.0,132.0,0.8535638,171.0,198.0,0.6897515,131.0,149.0,0.4270116,169.0,255.0,0.67617023,154.0,163.0,0.68967223
guy3_tree135_flipped.jpg,134.0,37.0,0.53322506,132.0,33.0,0.5726803,130.0,33.0,0.66230905,123.0,35.0,0.485562,118.0,35.0,0.561677,132.0,55.0,0.7797382,112.0,53.0,0.8352549,150.0,27.0,0.79262257,123.0,16.0,0.4944861,150.0,25.0,0.3399082,133.0,1.0,0.5309135,139.0,130.0,0.8313848,123.0,133.0,0.78681576,172.0,152.0,0.60515636,128.0,196.0,0.6404276,143.0,162.0,0.65204954,129.0,254.0,0.79091257
guy3_tree136.jpg,163.0,42.0,0.5321261,167.0,36.0,0.43333864,166.0,36.0,0.6473375,181.0,37.0,0.6887935,177.0,36.0,0.5588857,189.0,54.0,0.7449013,167.0,56.0,0.7858855,175.0,10.0,0.37536776,152.0,26.0,0.71134025,167.0,-2.0,0.29720157,155.0,25.0,0.10763344,174.0,132.0,0.7844349,159.0,130.0,0.9313265,171.0,198.0,0.77341306,130.0,148.0,0.70585823,169.0,255.0,0.90778387,156.0,162.0,0.7871982
guy3_tree136_flipped.jpg,134.0,39.0,0.6343062,133.0,35.0,0.70687443,131.0,35.0,0.7047743,123.0,37.0,0.6110545,118.0,37.0,0.5890649,131.0,57.0,0.8007118,110.0,57.0,0.7247817,147.0,25.0,0.7612605,120.0,18.0,0.6478362,142.0,0.0,0.47694817,132.0,-1.0,0.5026565,138.0,131.0,0.8978784,122.0,133.0,0.79022324,172.0,153.0,0.6963794,128.0,196.0,0.8035935,142.0,163.0,0.731271,129.0,254.0,0.8573305
guy3_tree137.jpg,164.0,42.0,0.49634212,168.0,36.0,0.46954623,166.0,36.0,0.6894212,182.0,38.0,0.63276064,176.0,38.0,0.6390053,189.0,55.0,0.83516717,167.0,57.0,0.5808219,177.0,14.0,0.33799994,155.0,26.0,0.54615855,169.0,-2.0,0.26574922,157.0,25.0,0.1576046,174.0,134.0,0.6807417,159.0,132.0,0.91370815,172.0,200.0,0.70547366,131.0,148.0,0.6232275,170.0,256.0,0.82766247,156.0,163.0,0.7472611
guy3_tree137_flipped.jpg,134.0,42.0,0.50299805,132.0,36.0,0.5889164,130.0,37.0,0.60087585,123.0,38.0,0.6383172,117.0,38.0,0.5579547,132.0,57.0,0.74858916,110.0,58.0,0.7227001,145.0,24.0,0.66555727,119.0,18.0,0.54866713,140.0,1.0,0.39534724,130.0,0.0,0.4410452,138.0,133.0,0.88727826,123.0,135.0,0.8680762,171.0,153.0,0.65759933,128.0,198.0,0.79676706,141.0,165.0,0.69862217,129.0,255.0,0.84536064
guy3_tree138.jpg,165.0,44.0,0.5173505,169.0,38.0,0.4120186,166.0,38.0,0.59961486,183.0,39.0,0.630673,176.0,40.0,0.52087194,190.0,57.0,0.78054893,170.0,59.0,0.59073067,179.0,15.0,0.60163194,157.0,24.0,0.53640455,170.0,-1.0,0.3232532,158.0,19.0,0.18195572,176.0,135.0,0.6748819,161.0,133.0,0.8468309,173.0,201.0,0.7663621,132.0,148.0,0.7290761,170.0,257.0,0.76483464,157.0,165.0,0.6894336
guy3_tree138_flipped.jpg,134.0,45.0,0.5575843,133.0,41.0,0.5117393,130.0,41.0,0.50772446,123.0,41.0,0.3451965,118.0,42.0,0.4328094,129.0,56.0,0.6109705,110.0,59.0,0.6729952,140.0,26.0,0.76029885,120.0,21.0,0.5489642,137.0,5.0,0.30621952,124.0,8.0,0.1971151,138.0,134.0,0.8213537,122.0,137.0,0.7452245,169.0,153.0,0.6671244,127.0,199.0,0.6234778,140.0,165.0,0.47125134,129.0,256.0,0.78814065
guy3_tree139.jpg,165.0,45.0,0.48180217,170.0,39.0,0.6910699,166.0,39.0,0.54188,183.0,41.0,0.6778222,175.0,41.0,0.5547375,189.0,59.0,0.73982567,169.0,60.0,0.8002329,177.0,16.0,0.57137895,159.0,25.0,0.624368,171.0,0.0,0.2993526,159.0,24.0,0.12900534,176.0,134.0,0.7164634,161.0,132.0,0.8822105,172.0,200.0,0.82326096,133.0,149.0,0.63339186,170.0,257.0,0.8632202,157.0,166.0,0.7587341
guy3_tree139_flipped.jpg,134.0,46.0,0.46752292,132.0,42.0,0.6312485,130.0,41.0,0.5634347,122.0,42.0,0.5708981,117.0,42.0,0.61862826,131.0,61.0,0.65531695,110.0,62.0,0.6668687,138.0,27.0,0.6108644,119.0,21.0,0.53408617,135.0,1.0,0.32592934,127.0,0.0,0.62247175,137.0,135.0,0.8689945,123.0,137.0,0.8119339,168.0,155.0,0.5496521,128.0,199.0,0.7446119,142.0,169.0,0.53322405,128.0,255.0,0.7973635
guy3_tree140.jpg,166.0,46.0,0.4883218,170.0,40.0,0.6552365,167.0,40.0,0.4852636,184.0,43.0,0.65957445,176.0,42.0,0.5971012,190.0,60.0,0.78559184,169.0,60.0,0.7385332,179.0,17.0,0.5283408,162.0,23.0,0.5556601,172.0,0.0,0.22785556,163.0,1.0,0.3033208,176.0,136.0,0.83093584,161.0,134.0,0.86593896,172.0,202.0,0.82348037,132.0,151.0,0.5682709,171.0,259.0,0.7732289,157.0,166.0,0.730929
guy3_tree140_flipped.jpg,134.0,47.0,0.5358405,133.0,41.0,0.66761374,129.0,41.0,0.47677907,124.0,41.0,0.6449386,117.0,42.0,0.58631045,129.0,59.0,0.69763404,109.0,61.0,0.7378672,135.0,24.0,0.5364054,121.0,19.0,0.57724637,133.0,2.0,0.24842623,127.0,1.0,0.4744359,137.0,136.0,0.89563215,122.0,138.0,0.8474154,168.0,155.0,0.48503688,127.0,202.0,0.73231035,141.0,167.0,0.5703967,128.0,258.0,0.7991416
guy3_tree141.jpg,166.0,47.0,0.5202297,171.0,41.0,0.4899707,167.0,42.0,0.6107281,184.0,44.0,0.7362535,175.0,44.0,0.5393374,190.0,62.0,0.81519914,169.0,63.0,0.6231226,179.0,21.0,0.46263248,160.0,33.0,0.2381132,171.0,1.0,0.31831452,160.0,24.0,0.16540354,175.0,138.0,0.70771337,160.0,137.0,0.92151046,172.0,203.0,0.7889011,133.0,151.0,0.555152,171.0,259.0,0.8589621,156.0,166.0,0.6597457
guy3_tree141_flipped.jpg,134.0,47.0,0.55063397,132.0,42.0,0.7013294,129.0,41.0,0.5073045,124.0,43.0,0.51898474,117.0,44.0,0.53029364,130.0,62.0,0.66674995,109.0,62.0,0.8553715,136.0,27.0,0.5662807,118.0,23.0,0.51852566,134.0,1.0,0.33835417,127.0,1.0,0.5719296,137.0,136.0,0.8894707,123.0,138.0,0.8483846,168.0,156.0,0.6137131,127.0,202.0,0.7111224,141.0,169.0,0.6637066,129.0,258.0,0.7547479
guy3_tree142.jpg,166.0,47.0,0.6280273,170.0,43.0,0.76882064,166.0,43.0,0.70300025,183.0,44.0,0.58077455,173.0,45.0,0.51277876,189.0,63.0,0.7919872,170.0,64.0,0.7524781,178.0,20.0,0.5387321,161.0,27.0,0.4316516,170.0,5.0,0.2814542,160.0,25.0,0.17870718,175.0,139.0,0.8369788,160.0,138.0,0.9097975,172.0,203.0,0.7560297,133.0,153.0,0.7215882,171.0,259.0,0.78519905,157.0,167.0,0.64004284
guy3_tree142_flipped.jpg,133.0,48.0,0.53640103,132.0,43.0,0.6845901,129.0,43.0,0.55384666,122.0,44.0,0.5597312,116.0,45.0,0.53934777,131.0,61.0,0.6336581,109.0,62.0,0.8709785,137.0,29.0,0.511851,120.0,23.0,0.7196312,133.0,2.0,0.33856,128.0,2.0,0.5235593,136.0,137.0,0.89799786,123.0,139.0,0.8768315,167.0,157.0,0.60357994,127.0,203.0,0.7078026,140.0,170.0,0.67058086,128.0,259.0,0.7960134
guy3_tree143.jpg,166.0,48.0,0.610699,171.0,43.0,0.6632608,166.0,43.0,0.6718965,183.0,46.0,0.58527845,173.0,46.0,0.39826757,189.0,64.0,0.6354294,170.0,65.0,0.7660313,177.0,19.0,0.44089767,161.0,27.0,0.46064192,171.0,6.0,0.3478825,160.0,28.0,0.23431444,176.0,140.0,0.7406254,161.0,139.0,0.82091904,173.0,204.0,0.6787808,133.0,154.0,0.65701336,172.0,259.0,0.7897897,157.0,168.0,0.6944876
guy3_tree143_flipped.jpg,134.0,49.0,0.5609613,131.0,44.0,0.673865,130.0,44.0,0.63037,121.0,44.0,0.614275,117.0,45.0,0.6035855,128.0,63.0,0.74212414,109.0,64.0,0.7483956,135.0,30.0,0.6870393,120.0,24.0,0.6436467,133.0,3.0,0.2952276,128.0,2.0,0.739605,136.0,139.0,0.8933445,122.0,141.0,0.86781406,167.0,157.0,0.4103225,127.0,205.0,0.72529626,142.0,170.0,0.510927,128.0,259.0,0.7694535
guy3_tree144.jpg,166.0,49.0,0.5706898,171.0,44.0,0.71239483,167.0,44.0,0.69842243,184.0,46.0,0.5919979,174.0,47.0,0.46492487,189.0,64.0,0.7561766,169.0,66.0,0.7076744,178.0,23.0,0.5385936,162.0,28.0,0.39876422,171.0,4.0,0.428299,161.0,29.0,0.17595795,175.0,140.0,0.6861843,160.0,139.0,0.9052396,173.0,205.0,0.7444119,134.0,154.0,0.66465247,171.0,259.0,0.81236875,157.0,169.0,0.69449174
guy3_tree144_flipped.jpg,133.0,50.0,0.59947646,131.0,46.0,0.67992884,129.0,45.0,0.6537114,121.0,47.0,0.5500235,116.0,48.0,0.62993586,128.0,65.0,0.7294941,109.0,66.0,0.8620814,136.0,34.0,0.65933776,120.0,27.0,0.6687219,133.0,4.0,0.43928945,126.0,5.0,0.7709526,135.0,140.0,0.88975114,122.0,142.0,0.86961436,166.0,158.0,0.54306036,127.0,205.0,0.7552842,140.0,172.0,0.60378444,128.0,260.0,0.82046735
guy3_tree145.jpg,167.0,50.0,0.6020037,172.0,46.0,0.6575668,168.0,46.0,0.6764569,183.0,48.0,0.5638857,173.0,49.0,0.466717,189.0,67.0,0.7916581,169.0,68.0,0.7274777,178.0,28.0,0.5591843,163.0,32.0,0.5186255,171.0,6.0,0.6559987,162.0,7.0,0.35732368,175.0,143.0,0.6588949,161.0,141.0,0.91443455,173.0,207.0,0.7601137,134.0,156.0,0.6383877,171.0,261.0,0.83295286,157.0,171.0,0.72350335
guy3_tree145_flipped.jpg,133.0,52.0,0.57572234,131.0,47.0,0.77325475,129.0,47.0,0.6420857,122.0,49.0,0.5889161,116.0,49.0,0.6155061,128.0,67.0,0.7293851,109.0,68.0,0.8904495,136.0,36.0,0.6280991,120.0,29.0,0.64449346,133.0,7.0,0.47613844,127.0,5.0,0.6647436,136.0,141.0,0.9051157,123.0,143.0,0.87479585,166.0,159.0,0.6705162,128.0,204.0,0.7558123,140.0,173.0,0.7051474,129.0,260.0,0.8159424
guy3_tree146.jpg,167.0,51.0,0.61313045,171.0,46.0,0.641142,167.0,46.0,0.6303889,183.0,48.0,0.5883013,173.0,49.0,0.47987053,189.0,67.0,0.7559267,170.0,69.0,0.73531824,178.0,28.0,0.484403,163.0,36.0,0.34858096,171.0,6.0,0.64610386,163.0,6.0,0.32984346,176.0,142.0,0.7256555,162.0,141.0,0.8246707,173.0,207.0,0.825444,135.0,156.0,0.58851206,171.0,261.0,0.8931269,158.0,173.0,0.6361426
guy3_tree146_flipped.jpg,133.0,52.0,0.48891643,130.0,48.0,0.7050239,128.0,48.0,0.5992532,121.0,50.0,0.5600655,115.0,50.0,0.5765953,128.0,69.0,0.74887145,109.0,70.0,0.6647594,135.0,39.0,0.6375917,120.0,31.0,0.66892636,133.0,9.0,0.46629673,127.0,7.0,0.6399132,136.0,141.0,0.9016438,123.0,144.0,0.8769028,166.0,159.0,0.6298231,129.0,205.0,0.75851023,140.0,174.0,0.6801972,128.0,260.0,0.8234814
guy3_tree147.jpg,166.0,54.0,0.6479678,170.0,50.0,0.77860343,166.0,49.0,0.72520936,183.0,51.0,0.5294817,173.0,52.0,0.49841362,189.0,70.0,0.77696353,171.0,71.0,0.7406918,178.0,30.0,0.47795743,165.0,36.0,0.3631786,170.0,9.0,0.567926,163.0,10.0,0.32306206,175.0,145.0,0.6473381,162.0,143.0,0.7956384,172.0,208.0,0.8310521,135.0,158.0,0.7386977,171.0,262.0,0.885347,158.0,174.0,0.73163354
guy3_tree147_flipped.jpg,132.0,53.0,0.38466704,130.0,49.0,0.6901387,128.0,48.0,0.59876853,123.0,50.0,0.5837769,116.0,51.0,0.4632362,128.0,69.0,0.71788967,109.0,71.0,0.64295745,134.0,37.0,0.5929664,119.0,31.0,0.5284566,134.0,9.0,0.32752454,125.0,11.0,0.5529311,135.0,142.0,0.8652909,123.0,145.0,0.83389306,164.0,160.0,0.60704607,128.0,204.0,0.6461686,140.0,175.0,0.6494106,128.0,261.0,0.7670164
guy3_tree148.jpg,166.0,55.0,0.6594869,170.0,50.0,0.7442753,166.0,50.0,0.6999809,183.0,52.0,0.58719313,173.0,52.0,0.47609377,189.0,70.0,0.7169436,172.0,71.0,0.71724683,178.0,31.0,0.49900895,164.0,41.0,0.3502825,170.0,11.0,0.47137576,163.0,9.0,0.27317142,175.0,145.0,0.6709044,161.0,143.0,0.7725148,172.0,209.0,0.80513525,135.0,159.0,0.6454946,171.0,263.0,0.9054011,158.0,176.0,0.6773288
guy3_tree148_flipped.jpg,133.0,56.0,0.51946145,131.0,52.0,0.6809531,129.0,50.0,0.54351646,123.0,52.0,0.57070047,117.0,53.0,0.5780565,128.0,70.0,0.73840725,109.0,72.0,0.7129772,134.0,40.0,0.56841636,119.0,32.0,0.58546597,133.0,10.0,0.44125775,127.0,9.0,0.73187983,136.0,143.0,0.8907474,123.0,145.0,0.8697966,166.0,161.0,0.443082,128.0,207.0,0.7444061,140.0,177.0,0.6631047,128.0,263.0,0.8235966
guy3_tree149.jpg,167.0,55.0,0.63076746,171.0,51.0,0.6171906,167.0,51.0,0.64035493,183.0,54.0,0.6300323,173.0,53.0,0.4172366,189.0,72.0,0.6451702,173.0,73.0,0.61005044,178.0,33.0,0.490599,165.0,42.0,0.3352625,170.0,12.0,0.39967972,163.0,11.0,0.2607519,175.0,146.0,0.59531295,161.0,145.0,0.7431396,172.0,211.0,0.718366,135.0,159.0,0.5675665,171.0,264.0,0.8097157,158.0,177.0,0.68312013
guy3_tree149_flipped.jpg,132.0,56.0,0.58084583,131.0,52.0,0.77539194,128.0,51.0,0.660551,123.0,54.0,0.5696659,117.0,54.0,0.51909757,128.0,72.0,0.733028,109.0,72.0,0.88169765,135.0,43.0,0.4282372,119.0,34.0,0.58293694,134.0,12.0,0.41457307,127.0,12.0,0.68375057,135.0,144.0,0.89152604,123.0,146.0,0.8773986,166.0,163.0,0.46480945,129.0,206.0,0.74847156,138.0,178.0,0.6094647,128.0,263.0,0.80565476
guy3_tree150.jpg,167.0,57.0,0.64906836,171.0,52.0,0.6236155,167.0,52.0,0.6300587,183.0,54.0,0.6462684,173.0,55.0,0.48265404,190.0,72.0,0.667829,172.0,73.0,0.6778864,179.0,35.0,0.5433894,164.0,45.0,0.47378787,171.0,13.0,0.5687017,162.0,15.0,0.24997175,175.0,148.0,0.6377816,161.0,146.0,0.77007896,172.0,212.0,0.6973866,136.0,161.0,0.68535024,171.0,264.0,0.87425363,159.0,177.0,0.7280805
guy3_tree150_flipped.jpg,132.0,56.0,0.5975514,130.0,52.0,0.64766806,129.0,51.0,0.688833,123.0,54.0,0.4732984,117.0,54.0,0.48985615,126.0,72.0,0.6547359,109.0,73.0,0.83612263,136.0,42.0,0.4736464,119.0,35.0,0.62295204,134.0,13.0,0.42936388,126.0,13.0,0.65218735,135.0,146.0,0.8818637,123.0,148.0,0.8335801,164.0,163.0,0.5178438,127.0,208.0,0.71203345,139.0,177.0,0.54830265,127.0,264.0,0.8199856
guy3_tree151.jpg,167.0,58.0,0.627955,171.0,54.0,0.66106266,167.0,53.0,0.6709542,183.0,55.0,0.5944018,173.0,55.0,0.45652092,189.0,73.0,0.7129048,172.0,74.0,0.70671636,178.0,35.0,0.50512654,163.0,44.0,0.39593667,171.0,14.0,0.593102,162.0,12.0,0.269801,175.0,148.0,0.7753092,161.0,147.0,0.8936361,172.0,212.0,0.6691687,136.0,162.0,0.67445683,171.0,266.0,0.78964835,159.0,178.0,0.5797467
guy3_tree151_flipped.jpg,132.0,58.0,0.54715973,130.0,54.0,0.6187099,129.0,53.0,0.544344,123.0,55.0,0.42844018,117.0,55.0,0.5315217,126.0,74.0,0.61491287,109.0,74.0,0.6139376,135.0,43.0,0.53594595,119.0,36.0,0.58430845,135.0,13.0,0.364922,126.0,13.0,0.5290453,136.0,147.0,0.84487617,123.0,149.0,0.82268655,163.0,163.0,0.46528953,127.0,209.0,0.6125127,138.0,179.0,0.48356816,128.0,264.0,0.8163159
guy3_tree152.jpg,167.0,60.0,0.6275941,170.0,55.0,0.67869,167.0,55.0,0.6235082,183.0,57.0,0.60978377,176.0,56.0,0.47097132,189.0,74.0,0.6497242,173.0,75.0,0.704229,177.0,37.0,0.43501246,164.0,42.0,0.614618,171.0,16.0,0.55644876,163.0,13.0,0.28071934,174.0,149.0,0.5999225,162.0,147.0,0.7809591,172.0,213.0,0.66683483,137.0,163.0,0.6110518,171.0,266.0,0.790082,159.0,179.0,0.678815
guy3_tree152_flipped.jpg,132.0,59.0,0.47453925,131.0,55.0,0.57849246,129.0,54.0,0.563305,127.0,56.0,0.24468559,117.0,56.0,0.45686367,126.0,75.0,0.5177693,110.0,76.0,0.5162186,134.0,40.0,0.4325421,121.0,36.0,0.5657811,135.0,12.0,0.28003794,127.0,14.0,0.4408779,137.0,147.0,0.7185222,124.0,152.0,0.64511895,162.0,164.0,0.26011968,128.0,211.0,0.5015507,139.0,178.0,0.39875114,128.0,265.0,0.7259481
guy3_tree153.jpg,167.0,61.0,0.64397866,171.0,56.0,0.70078504,168.0,56.0,0.6336814,183.0,59.0,0.5577763,176.0,58.0,0.38278982,189.0,77.0,0.6637086,173.0,77.0,0.59326947,178.0,39.0,0.4696172,164.0,43.0,0.47090936,171.0,19.0,0.5421112,163.0,18.0,0.32463747,175.0,151.0,0.76509833,161.0,149.0,0.88205904,172.0,214.0,0.61214674,137.0,164.0,0.6607064,171.0,267.0,0.77690554,160.0,182.0,0.5997513
guy3_tree153_flipped.jpg,132.0,60.0,0.5165932,130.0,56.0,0.47910705,129.0,55.0,0.5892829,122.0,57.0,0.41824552,118.0,57.0,0.5302478,126.0,75.0,0.5312082,110.0,78.0,0.6603053,134.0,42.0,0.49867073,120.0,39.0,0.6358499,134.0,15.0,0.34886742,127.0,14.0,0.62737405,137.0,148.0,0.78093004,123.0,152.0,0.76789474,162.0,164.0,0.3283912,128.0,213.0,0.593311,138.0,179.0,0.48252258,127.0,265.0,0.7676513
guy3_tree154.jpg,167.0,62.0,0.60290897,171.0,58.0,0.6439272,167.0,57.0,0.6002197,183.0,60.0,0.6359686,174.0,59.0,0.45501786,189.0,78.0,0.69772303,172.0,77.0,0.6750195,179.0,39.0,0.41946268,165.0,45.0,0.49539125,173.0,17.0,0.59699667,164.0,16.0,0.3540855,175.0,152.0,0.64259076,162.0,150.0,0.80861956,172.0,216.0,0.6818794,137.0,164.0,0.61238027,172.0,267.0,0.8323829,160.0,181.0,0.5919912
guy3_tree154_flipped.jpg,131.0,61.0,0.39498904,131.0,57.0,0.48428404,127.0,56.0,0.43964753,126.0,58.0,0.2654039,116.0,58.0,0.515383,126.0,76.0,0.54704064,110.0,78.0,0.44619203,135.0,43.0,0.39339042,120.0,41.0,0.5307948,134.0,14.0,0.25027996,126.0,15.0,0.39075178,137.0,149.0,0.69202465,123.0,153.0,0.6208186,161.0,165.0,0.29796806,128.0,213.0,0.5269499,137.0,181.0,0.38590723,127.0,267.0,0.73051643
guy3_tree155.jpg,167.0,63.0,0.60620403,171.0,58.0,0.63322026,167.0,58.0,0.6101558,183.0,61.0,0.5301233,175.0,60.0,0.3826095,189.0,79.0,0.7117025,171.0,78.0,0.70347166,177.0,39.0,0.55040276,164.0,45.0,0.42484957,171.0,21.0,0.4815595,163.0,20.0,0.34667468,174.0,153.0,0.5337873,160.0,151.0,0.89278346,171.0,215.0,0.67949224,136.0,166.0,0.63576967,170.0,269.0,0.69846547,159.0,183.0,0.609726
guy3_tree155_flipped.jpg,132.0,62.0,0.47859064,130.0,58.0,0.5581998,128.0,57.0,0.6201772,121.0,59.0,0.4190585,117.0,59.0,0.5701874,126.0,77.0,0.55562335,110.0,80.0,0.6931903,136.0,46.0,0.43431932,121.0,40.0,0.57112336,134.0,17.0,0.48305544,126.0,17.0,0.6751693,138.0,151.0,0.855152,124.0,155.0,0.7770544,162.0,166.0,0.4526138,128.0,213.0,0.59663004,139.0,181.0,0.50087506,128.0,267.0,0.7827073
guy3_tree156.jpg,166.0,64.0,0.60033244,170.0,59.0,0.5525019,166.0,59.0,0.61542815,183.0,61.0,0.6451409,173.0,60.0,0.28312796,188.0,80.0,0.7070234,171.0,80.0,0.70118123,177.0,42.0,0.54826254,163.0,45.0,0.4858786,170.0,23.0,0.4034237,162.0,21.0,0.2464349,174.0,154.0,0.5275068,160.0,152.0,0.8850718,171.0,216.0,0.6856818,136.0,166.0,0.61891073,170.0,269.0,0.7969941,159.0,185.0,0.54276633
guy3_tree156_flipped.jpg,131.0,63.0,0.42988893,132.0,60.0,0.5596063,127.0,59.0,0.53327,128.0,61.0,0.29621446,117.0,60.0,0.52859616,127.0,80.0,0.53631693,110.0,81.0,0.6142368,135.0,47.0,0.4646107,121.0,43.0,0.4552436,134.0,18.0,0.40215236,126.0,18.0,0.52171487,139.0,151.0,0.760736,125.0,155.0,0.6478296,162.0,167.0,0.35689586,130.0,212.0,0.4781911,138.0,182.0,0.41713804,128.0,269.0,0.74056953
guy3_tree157.jpg,167.0,65.0,0.58395267,171.0,60.0,0.5204237,167.0,60.0,0.6013853,183.0,63.0,0.4648576,172.0,61.0,0.31316674,188.0,81.0,0.6334928,170.0,81.0,0.577904,176.0,40.0,0.38835967,162.0,45.0,0.5385256,170.0,23.0,0.33615917,161.0,20.0,0.1413376,174.0,154.0,0.69666064,161.0,153.0,0.83285373,171.0,217.0,0.655137,137.0,167.0,0.5255134,171.0,270.0,0.7345014,159.0,184.0,0.48131824
guy3_tree157_flipped.jpg,132.0,65.0,0.4701569,132.0,61.0,0.54637516,129.0,60.0,0.5406087,126.0,62.0,0.3341657,118.0,62.0,0.5396719,127.0,79.0,0.5289755,111.0,82.0,0.628092,137.0,47.0,0.4962337,121.0,43.0,0.45570868,135.0,19.0,0.34608978,127.0,18.0,0.4587574,138.0,153.0,0.83236974,125.0,156.0,0.73946667,162.0,168.0,0.479522,129.0,213.0,0.5500001,139.0,187.0,0.48195514,128.0,269.0,0.8298299
guy3_tree158.jpg,167.0,65.0,0.55050385,171.0,61.0,0.5066529,167.0,60.0,0.62713015,182.0,63.0,0.5032255,172.0,62.0,0.27189478,188.0,81.0,0.69542694,170.0,81.0,0.621025,179.0,41.0,0.50136054,161.0,45.0,0.4795446,172.0,23.0,0.2926135,157.0,33.0,0.11672756,174.0,154.0,0.72848034,161.0,153.0,0.847316,171.0,218.0,0.6165594,137.0,167.0,0.49827772,171.0,271.0,0.79302853,159.0,183.0,0.4162137
guy3_tree158_flipped.jpg,132.0,66.0,0.4652124,132.0,62.0,0.5854372,128.0,61.0,0.53526425,127.0,63.0,0.23007989,116.0,63.0,0.5096363,127.0,81.0,0.46119943,111.0,83.0,0.53234756,139.0,49.0,0.35833234,120.0,44.0,0.61081797,136.0,19.0,0.22143954,125.0,19.0,0.43046904,138.0,153.0,0.77566016,124.0,158.0,0.61985797,161.0,169.0,0.31895536,129.0,216.0,0.58559203,139.0,190.0,0.29323196,128.0,270.0,0.7958332
guy3_tree159.jpg,167.0,66.0,0.48743555,172.0,61.0,0.4386655,167.0,61.0,0.563928,182.0,64.0,0.5195609,172.0,64.0,0.33106047,186.0,82.0,0.6814774,169.0,82.0,0.5915388,179.0,41.0,0.40991127,160.0,48.0,0.34617254,172.0,25.0,0.30160803,155.0,42.0,0.13423455,174.0,156.0,0.6801841,160.0,155.0,0.8229119,171.0,218.0,0.7848613,137.0,168.0,0.35864317,171.0,271.0,0.7197502,159.0,184.0,0.37873173
guy3_tree159_flipped.jpg,134.0,66.0,0.5091127,133.0,63.0,0.6224817,130.0,61.0,0.60441566,127.0,63.0,0.2757171,118.0,64.0,0.45028716,128.0,81.0,0.5014536,111.0,82.0,0.7817865,139.0,50.0,0.51837903,119.0,45.0,0.66212076,137.0,20.0,0.22668684,126.0,20.0,0.41867486,139.0,154.0,0.7453258,125.0,157.0,0.70867026,163.0,169.0,0.32160884,129.0,216.0,0.65998656,138.0,192.0,0.31765246,128.0,270.0,0.793766
guy3_tree160.jpg,167.0,66.0,0.47073048,172.0,62.0,0.45169163,167.0,61.0,0.4591013,183.0,65.0,0.53445977,172.0,63.0,0.28691953,187.0,83.0,0.7077084,169.0,81.0,0.54367197,179.0,43.0,0.3858673,158.0,49.0,0.58452123,173.0,25.0,0.39655682,159.0,22.0,0.33541912,174.0,156.0,0.6846848,160.0,155.0,0.8407889,171.0,219.0,0.6743965,137.0,169.0,0.46625513,171.0,271.0,0.77783006,158.0,186.0,0.4063517
guy3_tree160_flipped.jpg,134.0,66.0,0.48495543,133.0,63.0,0.5269758,130.0,62.0,0.6180483,126.0,63.0,0.3277441,118.0,63.0,0.48593968,129.0,81.0,0.544241,112.0,83.0,0.55283976,140.0,51.0,0.5488163,120.0,46.0,0.5862639,138.0,20.0,0.37485093,127.0,20.0,0.3761949,137.0,153.0,0.7838947,124.0,157.0,0.6615362,162.0,170.0,0.4555444,130.0,217.0,0.55076516,137.0,185.0,0.38079882,128.0,271.0,0.7778019
guy3_tree161.jpg,166.0,66.0,0.5415355,171.0,62.0,0.5514301,166.0,62.0,0.6636076,182.0,65.0,0.5519673,171.0,64.0,0.28798103,186.0,83.0,0.7484726,169.0,83.0,0.6303096,179.0,44.0,0.4758327,158.0,49.0,0.6692299,174.0,26.0,0.26685968,158.0,24.0,0.2939636,174.0,156.0,0.7027903,161.0,155.0,0.8372729,170.0,219.0,0.63133836,137.0,170.0,0.4961113,170.0,272.0,0.7813399,158.0,186.0,0.35660055
guy3_tree161_flipped.jpg,135.0,67.0,0.5312318,134.0,63.0,0.4960961,132.0,63.0,0.53468233,124.0,65.0,0.6200521,118.0,65.0,0.58042604,130.0,82.0,0.70338476,111.0,85.0,0.7882021,142.0,51.0,0.7690613,120.0,46.0,0.7051469,139.0,22.0,0.63327837,129.0,20.0,0.41072553,137.0,154.0,0.7699296,124.0,158.0,0.8014038,164.0,171.0,0.6163144,130.0,217.0,0.69299144,138.0,193.0,0.48248366,128.0,270.0,0.81773436
guy3_tree162.jpg,165.0,68.0,0.5996873,170.0,64.0,0.6206506,166.0,63.0,0.6380169,182.0,67.0,0.6320561,173.0,66.0,0.33510536,186.0,85.0,0.7450891,170.0,85.0,0.6681118,179.0,44.0,0.5243145,157.0,53.0,0.47888106,175.0,26.0,0.18046731,156.0,23.0,0.57082623,173.0,158.0,0.7073537,160.0,157.0,0.66055274,170.0,221.0,0.70233923,137.0,171.0,0.43810356,170.0,273.0,0.74831206,158.0,187.0,0.35904875
guy3_tree162_flipped.jpg,136.0,69.0,0.3649417,134.0,64.0,0.48812976,131.0,64.0,0.40925023,124.0,66.0,0.61884683,118.0,66.0,0.5915634,129.0,84.0,0.74435484,111.0,88.0,0.6123499,142.0,53.0,0.6467833,120.0,46.0,0.6708604,141.0,21.0,0.7008208,130.0,21.0,0.30392492,137.0,156.0,0.8472496,124.0,160.0,0.84924054,164.0,172.0,0.4913716,130.0,218.0,0.61032814,138.0,196.0,0.3708753,129.0,271.0,0.75494015
guy3_tree163.jpg,164.0,70.0,0.56038,168.0,66.0,0.626107,164.0,66.0,0.56054,181.0,67.0,0.6277914,171.0,67.0,0.30275303,187.0,87.0,0.6939503,169.0,86.0,0.6450571,179.0,48.0,0.48415777,157.0,56.0,0.50667125,174.0,26.0,0.26083094,154.0,24.0,0.6424198,173.0,160.0,0.6458416,160.0,158.0,0.65457416,170.0,221.0,0.6478578,138.0,171.0,0.40890205,170.0,274.0,0.6728207,160.0,195.0,0.296911
guy3_tree163_flipped.jpg,135.0,71.0,0.5322221,134.0,68.0,0.54412913,132.0,67.0,0.5366566,126.0,69.0,0.4566036,119.0,69.0,0.45182478,130.0,86.0,0.6333704,112.0,87.0,0.640801,142.0,55.0,0.59060204,118.0,50.0,0.53990054,140.0,25.0,0.44543004,123.0,27.0,0.40587997,137.0,156.0,0.77065486,125.0,160.0,0.7554339,161.0,171.0,0.42553505,130.0,217.0,0.6605402,137.0,201.0,0.42102972,128.0,273.0,0.7950235
guy3_tree164.jpg,164.0,70.0,0.60394543,168.0,66.0,0.7111279,164.0,66.0,0.5904311,181.0,68.0,0.48009834,171.0,68.0,0.23921773,186.0,87.0,0.7144306,170.0,87.0,0.65876275,180.0,48.0,0.65874547,156.0,56.0,0.45970082,176.0,29.0,0.16890454,154.0,26.0,0.45969677,174.0,159.0,0.66013277,161.0,157.0,0.8112514,170.0,220.0,0.6173438,138.0,171.0,0.4698764,169.0,273.0,0.7663206,161.0,197.0,0.30189577
guy3_tree164_flipped.jpg,136.0,71.0,0.5201642,135.0,67.0,0.5612805,132.0,66.0,0.5568899,126.0,69.0,0.46769848,119.0,69.0,0.52924573,131.0,86.0,0.6394431,112.0,88.0,0.7195357,143.0,57.0,0.6221449,119.0,50.0,0.5823695,142.0,26.0,0.45527872,123.0,28.0,0.41494945,137.0,157.0,0.7859663,125.0,160.0,0.7643726,162.0,171.0,0.4874246,130.0,217.0,0.5144056,137.0,202.0,0.32908046,130.0,273.0,0.7677467
guy3_tree165.jpg,164.0,72.0,0.5852388,167.0,68.0,0.6948946,163.0,67.0,0.55681115,180.0,69.0,0.43177825,170.0,69.0,0.33213085,185.0,87.0,0.6512452,169.0,87.0,0.58520246,179.0,48.0,0.6263749,155.0,59.0,0.42896292,175.0,31.0,0.1476371,153.0,29.0,0.54146034,173.0,160.0,0.5955995,161.0,159.0,0.6901206,170.0,221.0,0.76647246,137.0,172.0,0.4439412,169.0,274.0,0.7700839,160.0,199.0,0.26846844
guy3_tree165_flipped.jpg,136.0,72.0,0.4436818,134.0,69.0,0.5644085,132.0,68.0,0.5325329,126.0,70.0,0.50589615,120.0,70.0,0.5252182,130.0,86.0,0.5882005,112.0,88.0,0.6942662,143.0,59.0,0.5903566,119.0,51.0,0.5362695,142.0,27.0,0.6832234,122.0,26.0,0.35141566,139.0,157.0,0.7875664,125.0,161.0,0.74154687,162.0,172.0,0.39996397,131.0,218.0,0.5591777,138.0,202.0,0.29705685,130.0,273.0,0.71100026
guy3_tree166.jpg,163.0,71.0,0.61522937,167.0,68.0,0.7435,163.0,67.0,0.6682034,180.0,69.0,0.5691059,170.0,68.0,0.27228373,185.0,88.0,0.67047894,169.0,87.0,0.560654,180.0,49.0,0.5767083,155.0,63.0,0.5021553,158.0,28.0,0.2190089,152.0,28.0,0.6686386,173.0,161.0,0.64750516,160.0,158.0,0.6720205,169.0,222.0,0.6423483,137.0,173.0,0.4118617,169.0,275.0,0.68474925,161.0,200.0,0.21939132
guy3_tree166_flipped.jpg,135.0,73.0,0.38363796,134.0,68.0,0.59379923,132.0,68.0,0.5395913,129.0,69.0,0.30881697,119.0,70.0,0.37040728,132.0,87.0,0.550993,113.0,88.0,0.70830524,143.0,61.0,0.3953691,118.0,53.0,0.5247451,145.0,32.0,0.37461576,121.0,30.0,0.20043063,138.0,158.0,0.6974505,125.0,161.0,0.6485291,162.0,173.0,0.30563867,131.0,218.0,0.52843523,136.0,205.0,0.18824151,130.0,275.0,0.80809176
guy3_tree167.jpg,163.0,72.0,0.60126835,167.0,69.0,0.75482583,163.0,68.0,0.6599928,180.0,70.0,0.5872537,170.0,70.0,0.27045363,185.0,89.0,0.69288313,169.0,89.0,0.6004237,181.0,50.0,0.53624547,155.0,65.0,0.45895275,157.0,30.0,0.19965461,152.0,29.0,0.6584299,173.0,162.0,0.65529037,160.0,159.0,0.6734193,169.0,223.0,0.62899846,137.0,173.0,0.49081305,169.0,276.0,0.6335188,162.0,202.0,0.1937316
guy3_tree167_flipped.jpg,135.0,73.0,0.4394121,135.0,69.0,0.54548424,133.0,69.0,0.54930913,130.0,71.0,0.26660672,120.0,71.0,0.45006138,130.0,89.0,0.5086628,113.0,90.0,0.5341132,144.0,62.0,0.31401283,118.0,55.0,0.55849576,145.0,31.0,0.58771324,121.0,31.0,0.11056799,139.0,159.0,0.7377288,125.0,163.0,0.65574646,162.0,173.0,0.29862586,131.0,219.0,0.642781,139.0,190.0,0.27154595,130.0,276.0,0.797979
guy3_tree168.jpg,162.0,72.0,0.5724581,166.0,69.0,0.63543653,162.0,68.0,0.60328496,179.0,70.0,0.5478748,170.0,70.0,0.41134566,185.0,90.0,0.58921933,169.0,90.0,0.65704674,180.0,52.0,0.69800484,155.0,65.0,0.50180256,158.0,30.0,0.29181588,153.0,30.0,0.75345904,172.0,162.0,0.6603222,161.0,160.0,0.7088294,169.0,223.0,0.5696189,136.0,173.0,0.42967823,168.0,277.0,0.77062833,160.0,201.0,0.2797294
guy3_tree169.jpg,162.0,74.0,0.5722742,166.0,70.0,0.64927614,162.0,69.0,0.5199989,179.0,70.0,0.4212621,169.0,71.0,0.3347627,184.0,89.0,0.68926585,170.0,90.0,0.6189306,180.0,51.0,0.58054835,155.0,67.0,0.48234826,158.0,31.0,0.2957796,152.0,31.0,0.71352017,172.0,163.0,0.6434298,160.0,161.0,0.67570305,169.0,224.0,0.6061409,137.0,174.0,0.43179402,169.0,277.0,0.6626166,162.0,204.0,0.16293511
guy3_tree169_flipped.jpg,137.0,74.0,0.48244148,137.0,71.0,0.37763214,133.0,69.0,0.4890724,131.0,72.0,0.4227178,122.0,72.0,0.51847667,132.0,89.0,0.6315775,115.0,90.0,0.619593,144.0,60.0,0.28700864,117.0,55.0,0.77275133,146.0,34.0,0.47767773,119.0,35.0,0.18701482,138.0,159.0,0.76475537,126.0,163.0,0.6434072,163.0,175.0,0.4555451,132.0,219.0,0.65519917,139.0,190.0,0.28261966,130.0,275.0,0.7758839
guy3_tree170.jpg,162.0,74.0,0.5698189,166.0,70.0,0.620816,161.0,70.0,0.4788027,178.0,72.0,0.4479102,168.0,72.0,0.311753,183.0,91.0,0.6277268,169.0,91.0,0.63600045,180.0,52.0,0.4854631,152.0,68.0,0.43033823,156.0,32.0,0.3575114,150.0,33.0,0.60456014,171.0,164.0,0.63630223,160.0,162.0,0.64953226,169.0,223.0,0.7573534,137.0,175.0,0.3701365,168.0,278.0,0.6441559,162.0,205.0,0.15625557
guy3_tree170_flipped.jpg,137.0,75.0,0.41393554,136.0,71.0,0.4883833,132.0,70.0,0.44692633,130.0,73.0,0.4368689,121.0,73.0,0.41428143,131.0,91.0,0.56346166,114.0,92.0,0.5130622,144.0,67.0,0.471844,118.0,56.0,0.638226,146.0,34.0,0.79064703,118.0,32.0,0.19107595,138.0,161.0,0.74916506,126.0,164.0,0.7336213,163.0,176.0,0.43494442,132.0,221.0,0.51134646,139.0,191.0,0.2775763,130.0,277.0,0.820255
guy3_tree171.jpg,161.0,75.0,0.68735576,165.0,71.0,0.58938396,161.0,71.0,0.6572876,178.0,73.0,0.56655025,168.0,72.0,0.3834862,184.0,90.0,0.70167184,168.0,91.0,0.67271805,179.0,53.0,0.49261412,154.0,67.0,0.48365462,156.0,33.0,0.3460794,150.0,32.0,0.71880656,172.0,164.0,0.69257057,160.0,161.0,0.6953635,168.0,224.0,0.6901019,137.0,175.0,0.47460204,168.0,277.0,0.76982427,153.0,186.0,0.26606658
guy3_tree171_flipped.jpg,137.0,76.0,0.5857909,137.0,72.0,0.575972,133.0,71.0,0.5754094,131.0,74.0,0.41143376,122.0,74.0,0.57478976,132.0,92.0,0.6148628,113.0,93.0,0.72114176,144.0,67.0,0.6049321,118.0,59.0,0.6670939,147.0,34.0,0.7830701,118.0,33.0,0.12175697,139.0,162.0,0.70212364,126.0,165.0,0.6226424,164.0,177.0,0.5169274,132.0,221.0,0.6606683,137.0,210.0,0.23572037,131.0,276.0,0.73995703
guy3_tree172.jpg,161.0,75.0,0.4426514,165.0,71.0,0.43608874,160.0,71.0,0.52070826,178.0,73.0,0.71139246,167.0,73.0,0.39525813,183.0,90.0,0.670683,168.0,91.0,0.637547,179.0,52.0,0.44618493,152.0,67.0,0.46313894,156.0,32.0,0.23288041,149.0,33.0,0.5889876,172.0,164.0,0.6732815,160.0,162.0,0.71523124,168.0,225.0,0.62337464,137.0,175.0,0.44212222,168.0,277.0,0.73779184,154.0,186.0,0.28723872
guy3_tree172_flipped.jpg,136.0,76.0,0.38330558,137.0,72.0,0.5343231,132.0,71.0,0.40486485,133.0,74.0,0.26604772,122.0,74.0,0.39231005,133.0,93.0,0.43599084,114.0,94.0,0.43203947,144.0,67.0,0.2941488,118.0,59.0,0.6567698,147.0,35.0,0.73430294,119.0,35.0,0.14811224,138.0,161.0,0.73035073,127.0,165.0,0.6380758,162.0,176.0,0.37197933,132.0,222.0,0.52529126,141.0,190.0,0.25707927,131.0,277.0,0.7410824
guy3_tree173.jpg,160.0,75.0,0.68468,164.0,72.0,0.71191204,160.0,72.0,0.6080102,177.0,74.0,0.6804245,167.0,73.0,0.40607283,183.0,92.0,0.66512924,168.0,92.0,0.6807443,179.0,55.0,0.5140047,152.0,68.0,0.4774729,155.0,34.0,0.24074256,149.0,34.0,0.5655133,172.0,165.0,0.68890554,160.0,162.0,0.73036516,168.0,225.0,0.5987955,136.0,175.0,0.5040763,168.0,278.0,0.7196863,165.0,209.0,0.17750773
guy3_tree173_flipped.jpg,137.0,75.0,0.57314396,138.0,72.0,0.29233286,133.0,71.0,0.4398198,133.0,74.0,0.41442722,122.0,74.0,0.5289393,133.0,92.0,0.48560336,116.0,93.0,0.5886496,145.0,65.0,0.30893826,118.0,60.0,0.696212,148.0,36.0,0.7786384,120.0,36.0,0.11026111,139.0,161.0,0.7315145,127.0,165.0,0.6324506,164.0,177.0,0.42304415,133.0,221.0,0.5830589,140.0,191.0,0.2886653,131.0,277.0,0.76719457
guy3_tree174.jpg,160.0,76.0,0.690646,164.0,72.0,0.6897827,159.0,72.0,0.68624234,177.0,74.0,0.56827015,166.0,74.0,0.26772937,183.0,92.0,0.61802745,168.0,93.0,0.60794646,180.0,55.0,0.44211435,152.0,68.0,0.430196,154.0,35.0,0.16345116,148.0,34.0,0.6790431,171.0,165.0,0.68428683,161.0,163.0,0.73517245,168.0,224.0,0.74771845,136.0,176.0,0.5499226,168.0,278.0,0.84276414,155.0,187.0,0.26297498
guy3_tree174_flipped.jpg,137.0,77.0,0.56251717,136.0,73.0,0.55030555,133.0,72.0,0.5151458,130.0,74.0,0.54081047,122.0,74.0,0.50067925,132.0,92.0,0.5744121,114.0,93.0,0.58521706,145.0,67.0,0.5421735,118.0,60.0,0.6814445,149.0,36.0,0.6945025,146.0,36.0,0.10904601,139.0,162.0,0.73252165,126.0,165.0,0.8153353,164.0,177.0,0.56568766,132.0,222.0,0.65397054,135.0,214.0,0.22100869,131.0,277.0,0.73261046
guy3_tree175.jpg,160.0,76.0,0.66629225,164.0,73.0,0.6213878,160.0,73.0,0.65937936,177.0,75.0,0.59181756,166.0,75.0,0.26550138,183.0,93.0,0.6173095,168.0,93.0,0.5842228,180.0,56.0,0.45469272,153.0,69.0,0.41806072,155.0,36.0,0.16875583,148.0,38.0,0.5666593,172.0,165.0,0.6105746,160.0,163.0,0.6844987,168.0,225.0,0.71902937,137.0,176.0,0.38380897,168.0,278.0,0.8114882,164.0,209.0,0.14542106
guy3_tree176.jpg,160.0,77.0,0.69640094,164.0,73.0,0.7397343,159.0,73.0,0.68367594,176.0,74.0,0.51518834,166.0,75.0,0.30248326,182.0,93.0,0.5287399,167.0,93.0,0.5926379,179.0,56.0,0.55210686,153.0,66.0,0.4146785,154.0,36.0,0.19123533,150.0,36.0,0.5367054,171.0,165.0,0.58276165,160.0,163.0,0.62710536,168.0,225.0,0.6739769,136.0,176.0,0.40439734,168.0,278.0,0.79310083,164.0,208.0,0.1270234
guy3_tree176_flipped.jpg,137.0,77.0,0.35483766,137.0,73.0,0.580416,134.0,73.0,0.52803326,133.0,75.0,0.5124789,122.0,75.0,0.5062787,133.0,93.0,0.5450225,115.0,95.0,0.5686963,146.0,66.0,0.53485495,119.0,61.0,0.70035374,150.0,37.0,0.69489694,147.0,36.0,0.11331099,140.0,163.0,0.80048,126.0,167.0,0.8115186,165.0,179.0,0.5681038,133.0,222.0,0.6795957,138.0,192.0,0.34325477,131.0,277.0,0.7689806
guy3_tree177.jpg,159.0,77.0,0.69780207,163.0,73.0,0.6189946,159.0,73.0,0.7123165,176.0,75.0,0.5483163,166.0,74.0,0.3468091,181.0,93.0,0.6299774,167.0,93.0,0.61913615,178.0,57.0,0.48388425,153.0,66.0,0.50346017,154.0,36.0,0.26178038,148.0,36.0,0.4716428,170.0,166.0,0.65715617,159.0,164.0,0.7124853,167.0,226.0,0.79194856,136.0,176.0,0.4199584,167.0,279.0,0.6948898,152.0,188.0,0.26128757
guy3_tree177_flipped.jpg,138.0,78.0,0.48125988,138.0,74.0,0.52939975,134.0,73.0,0.5773548,133.0,75.0,0.3858774,122.0,75.0,0.59229076,133.0,93.0,0.525015,116.0,95.0,0.68007004,146.0,66.0,0.39426392,118.0,60.0,0.68141544,151.0,38.0,0.55627877,120.0,37.0,0.12104699,138.0,163.0,0.70846397,127.0,166.0,0.6651311,164.0,179.0,0.29243731,133.0,222.0,0.50165015,141.0,188.0,0.23027936,132.0,278.0,0.7715168
guy3_tree178.jpg,159.0,77.0,0.6131001,164.0,73.0,0.6143346,159.0,73.0,0.6923356,176.0,75.0,0.49726567,164.0,76.0,0.2786169,181.0,94.0,0.43528274,167.0,93.0,0.5465931,178.0,57.0,0.41967016,153.0,65.0,0.42491657,154.0,36.0,0.20561805,148.0,37.0,0.4343837,170.0,166.0,0.58105004,159.0,164.0,0.625848,167.0,225.0,0.69335264,136.0,177.0,0.31110275,167.0,279.0,0.7600423,164.0,211.0,0.14154589
guy3_tree179.jpg,159.0,78.0,0.6377567,163.0,74.0,0.60807645,158.0,74.0,0.6340291,176.0,75.0,0.54164994,165.0,76.0,0.3223893,182.0,94.0,0.5966935,166.0,93.0,0.593415,179.0,57.0,0.49784762,153.0,68.0,0.47834358,154.0,36.0,0.18692005,147.0,38.0,0.4780755,170.0,166.0,0.6215881,159.0,164.0,0.6646189,167.0,225.0,0.7652413,137.0,177.0,0.34220546,167.0,279.0,0.74188524,152.0,188.0,0.24556452
guy3_tree180.jpg,159.0,78.0,0.64015186,163.0,74.0,0.6639987,158.0,74.0,0.5729952,176.0,75.0,0.636536,164.0,76.0,0.33538148,181.0,94.0,0.45014438,167.0,93.0,0.5010616,179.0,56.0,0.5107639,153.0,66.0,0.40447438,176.0,38.0,0.12462777,148.0,37.0,0.5489107,170.0,165.0,0.60491204,159.0,164.0,0.6331514,167.0,226.0,0.74515784,137.0,177.0,0.3006011,167.0,279.0,0.78702474,154.0,188.0,0.23022938
